采集时间,输入,BV号,标题,UP主,UP主mid,上传时间,总播放量,点赞数,投币数,收藏数,转发数,评论数,弹幕数,在线人数,每小时播放增量,是否起量
2026-03-02 00:36:21,https://www.bilibili.com/video/BV1e364BwE63/?spm_id_from=333.1387.favlist.content.click&vd_source=406d0cf895bedbdc58a3d0130d55e34c,BV1e364BwE63,【杨博文】Why Why Why竖屏4k focus,meetsummer丨杨博文,3546622113876662,2026-02-01 19:33:16,7186,461,173,189,12,12,5,3,0,False
2026-03-02 01:36:27,https://www.bilibili.com/video/BV1e364BwE63/?spm_id_from=333.1387.favlist.content.click&vd_source=406d0cf895bedbdc58a3d0130d55e34c,BV1e364BwE63,【杨博文】Why Why Why竖屏4k focus,meetsummer丨杨博文,3546622113876662,2026-02-01 19:33:16,7281,461,173,189,12,12,5,6,95,False
2026-03-02 02:36:34,https://www.bilibili.com/video/BV1e364BwE63/?spm_id_from=333.1387.favlist.content.click&vd_source=406d0cf895bedbdc58a3d0130d55e34c,BV1e364BwE63,【杨博文】Why Why Why竖屏4k focus,meetsummer丨杨博文,3546622113876662,2026-02-01 19:33:16,7397,461,173,189,12,12,5,1,116,False
2026-03-02 03:36:40,https://www.bilibili.com/video/BV1e364BwE63/?spm_id_from=333.1387.favlist.content.click&vd_source=406d0cf895bedbdc58a3d0130d55e34c,BV1e364BwE63,【杨博文】Why Why Why竖屏4k focus,meetsummer丨杨博文,3546622113876662,2026-02-01 19:33:16,7514,461,173,189,12,12,5,4,117,False
2026-03-02 04:36:46,https://www.bilibili.com/video/BV1e364BwE63/?spm_id_from=333.1387.favlist.content.click&vd_source=406d0cf895bedbdc58a3d0130d55e34c,BV1e364BwE63,【杨博文】Why Why Why竖屏4k focus,meetsummer丨杨博文,3546622113876662,2026-02-01 19:33:16,7631,461,173,189,12,12,5,3,117,False
2026-03-02 05:36:53,https://www.bilibili.com/video/BV1e364BwE63/?spm_id_from=333.1387.favlist.content.click&vd_source=406d0cf895bedbdc58a3d0130d55e34c,BV1e364BwE63,【杨博文】Why Why Why竖屏4k focus,meetsummer丨杨博文,3546622113876662,2026-02-01 19:33:16,7747,461,173,189,12,12,5,5,116,False
2026-03-02 06:36:59,https://www.bilibili.com/video/BV1e364BwE63/?spm_id_from=333.1387.favlist.content.click&vd_source=406d0cf895bedbdc58a3d0130d55e34c,BV1e364BwE63,【杨博文】Why Why Why竖屏4k focus,meetsummer丨杨博文,3546622113876662,2026-02-01 19:33:16,7845,461,173,189,12,12,5,2,98,False
2026-03-02 07:37:05,https://www.bilibili.com/video/BV1e364BwE63/?spm_id_from=333.1387.favlist.content.click&vd_source=406d0cf895bedbdc58a3d0130d55e34c,BV1e364BwE63,【杨博文】Why Why Why竖屏4k focus,meetsummer丨杨博文,3546622113876662,2026-02-01 19:33:16,7916,461,173,189,12,12,5,2,71,False
2026-03-02 08:37:12,https://www.bilibili.com/video/BV1e364BwE63/?spm_id_from=333.1387.favlist.content.click&vd_source=406d0cf895bedbdc58a3d0130d55e34c,BV1e364BwE63,【杨博文】Why Why Why竖屏4k focus,meetsummer丨杨博文,3546622113876662,2026-02-01 19:33:16,8001,461,173,189,12,12,5,7,85,False
2026-03-02 09:37:18,https://www.bilibili.com/video/BV1e364BwE63/?spm_id_from=333.1387.favlist.content.click&vd_source=406d0cf895bedbdc58a3d0130d55e34c,BV1e364BwE63,【杨博文】Why Why Why竖屏4k focus,meetsummer丨杨博文,3546622113876662,2026-02-01 19:33:16,8120,461,173,189,12,12,5,6,119,False
2026-03-02 10:37:25,https://www.bilibili.com/video/BV1e364BwE63/?spm_id_from=333.1387.favlist.content.click&vd_source=406d0cf895bedbdc58a3d0130d55e34c,BV1e364BwE63,【杨博文】Why Why Why竖屏4k focus,meetsummer丨杨博文,3546622113876662,2026-02-01 19:33:16,8246,461,173,189,12,12,5,2,126,False
2026-03-02 11:37:31,https://www.bilibili.com/video/BV1e364BwE63/?spm_id_from=333.1387.favlist.content.click&vd_source=406d0cf895bedbdc58a3d0130d55e34c,BV1e364BwE63,【杨博文】Why Why Why竖屏4k focus,meetsummer丨杨博文,3546622113876662,2026-02-01 19:33:16,8379,461,173,189,12,12,5,6,133,False
2026-03-02 12:37:37,https://www.bilibili.com/video/BV1e364BwE63/?spm_id_from=333.1387.favlist.content.click&vd_source=406d0cf895bedbdc58a3d0130d55e34c,BV1e364BwE63,【杨博文】Why Why Why竖屏4k focus,meetsummer丨杨博文,3546622113876662,2026-02-01 19:33:16,8544,461,173,189,12,12,5,7,165,False
2026-03-02 13:37:44,https://www.bilibili.com/video/BV1e364BwE63/?spm_id_from=333.1387.favlist.content.click&vd_source=406d0cf895bedbdc58a3d0130d55e34c,BV1e364BwE63,【杨博文】Why Why Why竖屏4k focus,meetsummer丨杨博文,3546622113876662,2026-02-01 19:33:16,8716,461,173,189,12,12,5,3,172,False
2026-03-02 14:37:50,https://www.bilibili.com/video/BV1e364BwE63/?spm_id_from=333.1387.favlist.content.click&vd_source=406d0cf895bedbdc58a3d0130d55e34c,BV1e364BwE63,【杨博文】Why Why Why竖屏4k focus,meetsummer丨杨博文,3546622113876662,2026-02-01 19:33:16,8919,462,174,191,12,12,5,10,203,False
2026-03-02 15:37:56,https://www.bilibili.com/video/BV1e364BwE63/?spm_id_from=333.1387.favlist.content.click&vd_source=406d0cf895bedbdc58a3d0130d55e34c,BV1e364BwE63,【杨博文】Why Why Why竖屏4k focus,meetsummer丨杨博文,3546622113876662,2026-02-01 19:33:16,9128,462,174,192,12,12,5,6,209,False
2026-03-02 16:38:03,https://www.bilibili.com/video/BV1e364BwE63/?spm_id_from=333.1387.favlist.content.click&vd_source=406d0cf895bedbdc58a3d0130d55e34c,BV1e364BwE63,【杨博文】Why Why Why竖屏4k focus,meetsummer丨杨博文,3546622113876662,2026-02-01 19:33:16,9363,464,176,195,12,12,5,7,235,False
2026-03-02 17:38:09,https://www.bilibili.com/video/BV1e364BwE63/?spm_id_from=333.1387.favlist.content.click&vd_source=406d0cf895bedbdc58a3d0130d55e34c,BV1e364BwE63,【杨博文】Why Why Why竖屏4k focus,meetsummer丨杨博文,3546622113876662,2026-02-01 19:33:16,9615,464,176,195,12,12,5,9,252,False
2026-03-02 18:38:16,https://www.bilibili.com/video/BV1e364BwE63/?spm_id_from=333.1387.favlist.content.click&vd_source=406d0cf895bedbdc58a3d0130d55e34c,BV1e364BwE63,【杨博文】Why Why Why竖屏4k focus,meetsummer丨杨博文,3546622113876662,2026-02-01 19:33:16,9843,464,176,196,12,12,5,6,228,False
2026-03-02 19:38:22,https://www.bilibili.com/video/BV1e364BwE63/?spm_id_from=333.1387.favlist.content.click&vd_source=406d0cf895bedbdc58a3d0130d55e34c,BV1e364BwE63,【杨博文】Why Why Why竖屏4k focus,meetsummer丨杨博文,3546622113876662,2026-02-01 19:33:16,10104,464,176,196,12,12,5,5,261,False
2026-03-02 20:38:29,https://www.bilibili.com/video/BV1e364BwE63/?spm_id_from=333.1387.favlist.content.click&vd_source=406d0cf895bedbdc58a3d0130d55e34c,BV1e364BwE63,【杨博文】Why Why Why竖屏4k focus,meetsummer丨杨博文,3546622113876662,2026-02-01 19:33:16,10348,464,176,196,12,12,5,4,244,False
2026-03-02 21:38:35,https://www.bilibili.com/video/BV1e364BwE63/?spm_id_from=333.1387.favlist.content.click&vd_source=406d0cf895bedbdc58a3d0130d55e34c,BV1e364BwE63,【杨博文】Why Why Why竖屏4k focus,meetsummer丨杨博文,3546622113876662,2026-02-01 19:33:16,10518,465,176,198,12,12,5,6,170,False
2026-03-02 22:10:39,https://www.bilibili.com/video/BV1e364BwE63/?spm_id_from=333.1387.favlist.content.click,BV1e364BwE63,【杨博文】Why Why Why竖屏4k focus,meetsummer丨杨博文,3546622113876662,2026-02-01 19:33:16,10591,465,176,198,12,12,5,4,73,False
2026-03-02 22:21:52,https://www.bilibili.com/video/BV1e364BwE63/?spm_id_from=333.1387.favlist.content.click,BV1e364BwE63,【杨博文】Why Why Why竖屏4k focus,meetsummer丨杨博文,3546622113876662,2026-02-01 19:33:16,10616,465,176,198,12,12,5,2,25,False
2026-03-02 23:22:05,https://www.bilibili.com/video/BV1e364BwE63/?spm_id_from=333.1387.favlist.content.click,BV1e364BwE63,【杨博文】Why Why Why竖屏4k focus,meetsummer丨杨博文,3546622113876662,2026-02-01 19:33:16,10766,465,176,200,12,12,5,4,150,False
2026-03-02 00:36:21,https://www.bilibili.com/video/BV1pjA6zyE2K/?spm_id_from=333.1387.favlist.content.click&vd_source=406d0cf895bedbdc58a3d0130d55e34c,BV1pjA6zyE2K,网页版防吞,爱磕糖的兔子Y,628963336,2026-02-26 20:15:12,7939,2,2,44,1,0,0,1,0,False
2026-03-02 01:36:27,https://www.bilibili.com/video/BV1pjA6zyE2K/?spm_id_from=333.1387.favlist.content.click&vd_source=406d0cf895bedbdc58a3d0130d55e34c,BV1pjA6zyE2K,网页版防吞,爱磕糖的兔子Y,628963336,2026-02-26 20:15:12,8015,2,2,44,1,0,0,1,76,False
2026-03-02 02:36:34,https://www.bilibili.com/video/BV1pjA6zyE2K/?spm_id_from=333.1387.favlist.content.click&vd_source=406d0cf895bedbdc58a3d0130d55e34c,BV1pjA6zyE2K,网页版防吞,爱磕糖的兔子Y,628963336,2026-02-26 20:15:12,8112,2,2,44,1,0,0,1,97,False
2026-03-02 03:36:40,https://www.bilibili.com/video/BV1pjA6zyE2K/?spm_id_from=333.1387.favlist.content.click&vd_source=406d0cf895bedbdc58a3d0130d55e34c,BV1pjA6zyE2K,网页版防吞,爱磕糖的兔子Y,628963336,2026-02-26 20:15:12,8217,2,2,44,1,0,0,1,105,False
2026-03-02 04:36:46,https://www.bilibili.com/video/BV1pjA6zyE2K/?spm_id_from=333.1387.favlist.content.click&vd_source=406d0cf895bedbdc58a3d0130d55e34c,BV1pjA6zyE2K,网页版防吞,爱磕糖的兔子Y,628963336,2026-02-26 20:15:12,8323,2,2,44,1,0,0,1,106,False
2026-03-02 05:36:53,https://www.bilibili.com/video/BV1pjA6zyE2K/?spm_id_from=333.1387.favlist.content.click&vd_source=406d0cf895bedbdc58a3d0130d55e34c,BV1pjA6zyE2K,网页版防吞,爱磕糖的兔子Y,628963336,2026-02-26 20:15:12,8421,2,2,44,1,0,0,1,98,False
2026-03-02 06:36:59,https://www.bilibili.com/video/BV1pjA6zyE2K/?spm_id_from=333.1387.favlist.content.click&vd_source=406d0cf895bedbdc58a3d0130d55e34c,BV1pjA6zyE2K,网页版防吞,爱磕糖的兔子Y,628963336,2026-02-26 20:15:12,8517,2,2,44,1,0,0,1,96,False
2026-03-02 07:37:05,https://www.bilibili.com/video/BV1pjA6zyE2K/?spm_id_from=333.1387.favlist.content.click&vd_source=406d0cf895bedbdc58a3d0130d55e34c,BV1pjA6zyE2K,网页版防吞,爱磕糖的兔子Y,628963336,2026-02-26 20:15:12,8582,2,2,44,1,0,0,1,65,False
2026-03-02 08:37:12,https://www.bilibili.com/video/BV1pjA6zyE2K/?spm_id_from=333.1387.favlist.content.click&vd_source=406d0cf895bedbdc58a3d0130d55e34c,BV1pjA6zyE2K,网页版防吞,爱磕糖的兔子Y,628963336,2026-02-26 20:15:12,8657,2,2,44,1,0,0,1,75,False
2026-03-02 09:37:18,https://www.bilibili.com/video/BV1pjA6zyE2K/?spm_id_from=333.1387.favlist.content.click&vd_source=406d0cf895bedbdc58a3d0130d55e34c,BV1pjA6zyE2K,网页版防吞,爱磕糖的兔子Y,628963336,2026-02-26 20:15:12,8770,2,2,44,1,0,0,1,113,False
2026-03-02 10:37:25,https://www.bilibili.com/video/BV1pjA6zyE2K/?spm_id_from=333.1387.favlist.content.click&vd_source=406d0cf895bedbdc58a3d0130d55e34c,BV1pjA6zyE2K,网页版防吞,爱磕糖的兔子Y,628963336,2026-02-26 20:15:12,8900,2,2,44,1,0,0,1,130,False
2026-03-02 11:37:31,https://www.bilibili.com/video/BV1pjA6zyE2K/?spm_id_from=333.1387.favlist.content.click&vd_source=406d0cf895bedbdc58a3d0130d55e34c,BV1pjA6zyE2K,网页版防吞,爱磕糖的兔子Y,628963336,2026-02-26 20:15:12,9045,2,2,44,1,0,0,1,145,False
2026-03-02 12:37:37,https://www.bilibili.com/video/BV1pjA6zyE2K/?spm_id_from=333.1387.favlist.content.click&vd_source=406d0cf895bedbdc58a3d0130d55e34c,BV1pjA6zyE2K,网页版防吞,爱磕糖的兔子Y,628963336,2026-02-26 20:15:12,9219,2,2,44,1,0,0,1,174,False
2026-03-02 13:37:44,https://www.bilibili.com/video/BV1pjA6zyE2K/?spm_id_from=333.1387.favlist.content.click&vd_source=406d0cf895bedbdc58a3d0130d55e34c,BV1pjA6zyE2K,网页版防吞,爱磕糖的兔子Y,628963336,2026-02-26 20:15:12,9424,2,2,44,1,0,0,2,205,False
2026-03-02 14:37:50,https://www.bilibili.com/video/BV1pjA6zyE2K/?spm_id_from=333.1387.favlist.content.click&vd_source=406d0cf895bedbdc58a3d0130d55e34c,BV1pjA6zyE2K,网页版防吞,爱磕糖的兔子Y,628963336,2026-02-26 20:15:12,9647,2,2,45,1,0,0,3,223,False
2026-03-02 15:37:56,https://www.bilibili.com/video/BV1pjA6zyE2K/?spm_id_from=333.1387.favlist.content.click&vd_source=406d0cf895bedbdc58a3d0130d55e34c,BV1pjA6zyE2K,网页版防吞,爱磕糖的兔子Y,628963336,2026-02-26 20:15:12,9871,2,2,46,1,0,0,1,224,False
2026-03-02 16:38:03,https://www.bilibili.com/video/BV1pjA6zyE2K/?spm_id_from=333.1387.favlist.content.click&vd_source=406d0cf895bedbdc58a3d0130d55e34c,BV1pjA6zyE2K,网页版防吞,爱磕糖的兔子Y,628963336,2026-02-26 20:15:12,10120,2,2,49,1,0,0,2,249,False
2026-03-02 17:38:09,https://www.bilibili.com/video/BV1pjA6zyE2K/?spm_id_from=333.1387.favlist.content.click&vd_source=406d0cf895bedbdc58a3d0130d55e34c,BV1pjA6zyE2K,网页版防吞,爱磕糖的兔子Y,628963336,2026-02-26 20:15:12,10371,2,2,49,1,0,0,1,251,False
2026-03-02 18:38:16,https://www.bilibili.com/video/BV1pjA6zyE2K/?spm_id_from=333.1387.favlist.content.click&vd_source=406d0cf895bedbdc58a3d0130d55e34c,BV1pjA6zyE2K,网页版防吞,爱磕糖的兔子Y,628963336,2026-02-26 20:15:12,10603,2,2,50,1,0,0,2,232,False
2026-03-02 19:38:22,https://www.bilibili.com/video/BV1pjA6zyE2K/?spm_id_from=333.1387.favlist.content.click&vd_source=406d0cf895bedbdc58a3d0130d55e34c,BV1pjA6zyE2K,网页版防吞,爱磕糖的兔子Y,628963336,2026-02-26 20:15:12,10854,2,2,50,1,0,0,1,251,False
2026-03-02 20:38:29,https://www.bilibili.com/video/BV1pjA6zyE2K/?spm_id_from=333.1387.favlist.content.click&vd_source=406d0cf895bedbdc58a3d0130d55e34c,BV1pjA6zyE2K,网页版防吞,爱磕糖的兔子Y,628963336,2026-02-26 20:15:12,11077,2,2,50,1,0,0,1,223,False
2026-03-02 21:38:35,https://www.bilibili.com/video/BV1pjA6zyE2K/?spm_id_from=333.1387.favlist.content.click&vd_source=406d0cf895bedbdc58a3d0130d55e34c,BV1pjA6zyE2K,网页版防吞,爱磕糖的兔子Y,628963336,2026-02-26 20:15:12,11231,2,2,52,1,0,0,1,154,False
2026-03-02 22:10:39,https://www.bilibili.com/video/BV1pjA6zyE2K/?spm_id_from=333.1387.favlist.content.click,BV1pjA6zyE2K,网页版防吞,爱磕糖的兔子Y,628963336,2026-02-26 20:15:12,11296,2,2,52,1,0,0,1,65,False
2026-03-02 22:21:52,https://www.bilibili.com/video/BV1pjA6zyE2K/?spm_id_from=333.1387.favlist.content.click,BV1pjA6zyE2K,网页版防吞,爱磕糖的兔子Y,628963336,2026-02-26 20:15:12,11319,2,2,52,1,0,0,1,23,False
2026-03-02 23:22:05,https://www.bilibili.com/video/BV1pjA6zyE2K/?spm_id_from=333.1387.favlist.content.click,BV1pjA6zyE2K,网页版防吞,爱磕糖的兔子Y,628963336,2026-02-26 20:15:12,11453,2,2,54,1,0,0,1,134,False
2026-03-02 00:36:21,https://www.bilibili.com/video/BV1ac6aBVER8/?spm_id_from=333.1387.favlist.content.click&vd_source=406d0cf895bedbdc58a3d0130d55e34c,BV1ac6aBVER8,【杨博文｜4K双机位直拍】《闭嘴跳舞》内娱竟有如此红丝绒般的唱跳舞台,Eternity丨杨博文,3691009716259112,2026-02-02 09:56:33,20178,2529,290,1451,8,29,4,2,0,False
2026-03-02 01:36:27,https://www.bilibili.com/video/BV1ac6aBVER8/?spm_id_from=333.1387.favlist.content.click&vd_source=406d0cf895bedbdc58a3d0130d55e34c,BV1ac6aBVER8,【杨博文｜4K双机位直拍】《闭嘴跳舞》内娱竟有如此红丝绒般的唱跳舞台,Eternity丨杨博文,3691009716259112,2026-02-02 09:56:33,20269,2533,290,1452,8,29,4,2,91,False
2026-03-02 02:36:34,https://www.bilibili.com/video/BV1ac6aBVER8/?spm_id_from=333.1387.favlist.content.click&vd_source=406d0cf895bedbdc58a3d0130d55e34c,BV1ac6aBVER8,【杨博文｜4K双机位直拍】《闭嘴跳舞》内娱竟有如此红丝绒般的唱跳舞台,Eternity丨杨博文,3691009716259112,2026-02-02 09:56:33,20386,2535,290,1452,8,29,4,3,117,False
2026-03-02 03:36:40,https://www.bilibili.com/video/BV1ac6aBVER8/?spm_id_from=333.1387.favlist.content.click&vd_source=406d0cf895bedbdc58a3d0130d55e34c,BV1ac6aBVER8,【杨博文｜4K双机位直拍】《闭嘴跳舞》内娱竟有如此红丝绒般的唱跳舞台,Eternity丨杨博文,3691009716259112,2026-02-02 09:56:33,20495,2537,292,1453,8,29,4,1,109,False
2026-03-02 04:36:46,https://www.bilibili.com/video/BV1ac6aBVER8/?spm_id_from=333.1387.favlist.content.click&vd_source=406d0cf895bedbdc58a3d0130d55e34c,BV1ac6aBVER8,【杨博文｜4K双机位直拍】《闭嘴跳舞》内娱竟有如此红丝绒般的唱跳舞台,Eternity丨杨博文,3691009716259112,2026-02-02 09:56:33,20610,2538,292,1453,8,29,4,3,115,False
2026-03-02 05:36:53,https://www.bilibili.com/video/BV1ac6aBVER8/?spm_id_from=333.1387.favlist.content.click&vd_source=406d0cf895bedbdc58a3d0130d55e34c,BV1ac6aBVER8,【杨博文｜4K双机位直拍】《闭嘴跳舞》内娱竟有如此红丝绒般的唱跳舞台,Eternity丨杨博文,3691009716259112,2026-02-02 09:56:33,20723,2538,292,1453,8,29,4,4,113,False
2026-03-02 06:36:59,https://www.bilibili.com/video/BV1ac6aBVER8/?spm_id_from=333.1387.favlist.content.click&vd_source=406d0cf895bedbdc58a3d0130d55e34c,BV1ac6aBVER8,【杨博文｜4K双机位直拍】《闭嘴跳舞》内娱竟有如此红丝绒般的唱跳舞台,Eternity丨杨博文,3691009716259112,2026-02-02 09:56:33,20822,2539,292,1453,8,29,4,3,99,False
2026-03-02 07:37:05,https://www.bilibili.com/video/BV1ac6aBVER8/?spm_id_from=333.1387.favlist.content.click&vd_source=406d0cf895bedbdc58a3d0130d55e34c,BV1ac6aBVER8,【杨博文｜4K双机位直拍】《闭嘴跳舞》内娱竟有如此红丝绒般的唱跳舞台,Eternity丨杨博文,3691009716259112,2026-02-02 09:56:33,20894,2541,292,1455,8,29,4,3,72,False
2026-03-02 08:37:12,https://www.bilibili.com/video/BV1ac6aBVER8/?spm_id_from=333.1387.favlist.content.click&vd_source=406d0cf895bedbdc58a3d0130d55e34c,BV1ac6aBVER8,【杨博文｜4K双机位直拍】《闭嘴跳舞》内娱竟有如此红丝绒般的唱跳舞台,Eternity丨杨博文,3691009716259112,2026-02-02 09:56:33,20980,2544,292,1457,8,29,4,1,86,False
2026-03-02 09:37:18,https://www.bilibili.com/video/BV1ac6aBVER8/?spm_id_from=333.1387.favlist.content.click&vd_source=406d0cf895bedbdc58a3d0130d55e34c,BV1ac6aBVER8,【杨博文｜4K双机位直拍】《闭嘴跳舞》内娱竟有如此红丝绒般的唱跳舞台,Eternity丨杨博文,3691009716259112,2026-02-02 09:56:33,21101,2544,292,1457,8,29,4,1,121,False
2026-03-02 10:37:25,https://www.bilibili.com/video/BV1ac6aBVER8/?spm_id_from=333.1387.favlist.content.click&vd_source=406d0cf895bedbdc58a3d0130d55e34c,BV1ac6aBVER8,【杨博文｜4K双机位直拍】《闭嘴跳舞》内娱竟有如此红丝绒般的唱跳舞台,Eternity丨杨博文,3691009716259112,2026-02-02 09:56:33,21239,2545,292,1458,8,29,4,11,138,False
2026-03-02 11:37:31,https://www.bilibili.com/video/BV1ac6aBVER8/?spm_id_from=333.1387.favlist.content.click&vd_source=406d0cf895bedbdc58a3d0130d55e34c,BV1ac6aBVER8,【杨博文｜4K双机位直拍】《闭嘴跳舞》内娱竟有如此红丝绒般的唱跳舞台,Eternity丨杨博文,3691009716259112,2026-02-02 09:56:33,21392,2546,292,1458,8,29,4,5,153,False
2026-03-02 12:37:37,https://www.bilibili.com/video/BV1ac6aBVER8/?spm_id_from=333.1387.favlist.content.click&vd_source=406d0cf895bedbdc58a3d0130d55e34c,BV1ac6aBVER8,【杨博文｜4K双机位直拍】《闭嘴跳舞》内娱竟有如此红丝绒般的唱跳舞台,Eternity丨杨博文,3691009716259112,2026-02-02 09:56:33,21589,2551,292,1462,8,29,4,7,197,False
2026-03-02 13:37:44,https://www.bilibili.com/video/BV1ac6aBVER8/?spm_id_from=333.1387.favlist.content.click&vd_source=406d0cf895bedbdc58a3d0130d55e34c,BV1ac6aBVER8,【杨博文｜4K双机位直拍】《闭嘴跳舞》内娱竟有如此红丝绒般的唱跳舞台,Eternity丨杨博文,3691009716259112,2026-02-02 09:56:33,21813,2554,294,1465,8,29,4,7,224,False
2026-03-02 14:37:50,https://www.bilibili.com/video/BV1ac6aBVER8/?spm_id_from=333.1387.favlist.content.click&vd_source=406d0cf895bedbdc58a3d0130d55e34c,BV1ac6aBVER8,【杨博文｜4K双机位直拍】《闭嘴跳舞》内娱竟有如此红丝绒般的唱跳舞台,Eternity丨杨博文,3691009716259112,2026-02-02 09:56:33,22067,2557,294,1470,8,29,4,9,254,False
2026-03-02 15:37:56,https://www.bilibili.com/video/BV1ac6aBVER8/?spm_id_from=333.1387.favlist.content.click&vd_source=406d0cf895bedbdc58a3d0130d55e34c,BV1ac6aBVER8,【杨博文｜4K双机位直拍】《闭嘴跳舞》内娱竟有如此红丝绒般的唱跳舞台,Eternity丨杨博文,3691009716259112,2026-02-02 09:56:33,22338,2562,294,1477,8,29,4,11,271,False
2026-03-02 16:38:03,https://www.bilibili.com/video/BV1ac6aBVER8/?spm_id_from=333.1387.favlist.content.click&vd_source=406d0cf895bedbdc58a3d0130d55e34c,BV1ac6aBVER8,【杨博文｜4K双机位直拍】《闭嘴跳舞》内娱竟有如此红丝绒般的唱跳舞台,Eternity丨杨博文,3691009716259112,2026-02-02 09:56:33,22613,2568,296,1486,8,29,4,9,275,False
2026-03-02 17:38:09,https://www.bilibili.com/video/BV1ac6aBVER8/?spm_id_from=333.1387.favlist.content.click&vd_source=406d0cf895bedbdc58a3d0130d55e34c,BV1ac6aBVER8,【杨博文｜4K双机位直拍】《闭嘴跳舞》内娱竟有如此红丝绒般的唱跳舞台,Eternity丨杨博文,3691009716259112,2026-02-02 09:56:33,22903,2572,296,1491,8,29,4,11,290,False
2026-03-02 18:38:16,https://www.bilibili.com/video/BV1ac6aBVER8/?spm_id_from=333.1387.favlist.content.click&vd_source=406d0cf895bedbdc58a3d0130d55e34c,BV1ac6aBVER8,【杨博文｜4K双机位直拍】《闭嘴跳舞》内娱竟有如此红丝绒般的唱跳舞台,Eternity丨杨博文,3691009716259112,2026-02-02 09:56:33,23176,2576,296,1495,8,29,4,5,273,False
2026-03-02 19:38:22,https://www.bilibili.com/video/BV1ac6aBVER8/?spm_id_from=333.1387.favlist.content.click&vd_source=406d0cf895bedbdc58a3d0130d55e34c,BV1ac6aBVER8,【杨博文｜4K双机位直拍】《闭嘴跳舞》内娱竟有如此红丝绒般的唱跳舞台,Eternity丨杨博文,3691009716259112,2026-02-02 09:56:33,23492,2583,298,1499,8,29,4,9,316,True
2026-03-02 20:38:29,https://www.bilibili.com/video/BV1ac6aBVER8/?spm_id_from=333.1387.favlist.content.click&vd_source=406d0cf895bedbdc58a3d0130d55e34c,BV1ac6aBVER8,【杨博文｜4K双机位直拍】《闭嘴跳舞》内娱竟有如此红丝绒般的唱跳舞台,Eternity丨杨博文,3691009716259112,2026-02-02 09:56:33,23750,2586,298,1501,8,29,4,11,258,False
2026-03-02 21:38:35,https://www.bilibili.com/video/BV1ac6aBVER8/?spm_id_from=333.1387.favlist.content.click&vd_source=406d0cf895bedbdc58a3d0130d55e34c,BV1ac6aBVER8,【杨博文｜4K双机位直拍】《闭嘴跳舞》内娱竟有如此红丝绒般的唱跳舞台,Eternity丨杨博文,3691009716259112,2026-02-02 09:56:33,23933,2594,298,1509,8,29,4,4,183,False
2026-03-02 22:10:39,https://www.bilibili.com/video/BV1ac6aBVER8/?spm_id_from=333.1387.favlist.content.click,BV1ac6aBVER8,【杨博文｜4K双机位直拍】《闭嘴跳舞》内娱竟有如此红丝绒般的唱跳舞台,Eternity丨杨博文,3691009716259112,2026-02-02 09:56:33,24015,2598,298,1514,8,29,4,3,82,False
2026-03-02 22:21:52,https://www.bilibili.com/video/BV1ac6aBVER8/?spm_id_from=333.1387.favlist.content.click,BV1ac6aBVER8,【杨博文｜4K双机位直拍】《闭嘴跳舞》内娱竟有如此红丝绒般的唱跳舞台,Eternity丨杨博文,3691009716259112,2026-02-02 09:56:33,24038,2598,298,1514,8,29,4,7,23,False
2026-03-02 23:22:05,https://www.bilibili.com/video/BV1ac6aBVER8/?spm_id_from=333.1387.favlist.content.click,BV1ac6aBVER8,【杨博文｜4K双机位直拍】《闭嘴跳舞》内娱竟有如此红丝绒般的唱跳舞台,Eternity丨杨博文,3691009716259112,2026-02-02 09:56:33,24201,2599,300,1516,8,29,4,4,163,False
2026-03-02 00:36:21,https://www.bilibili.com/video/BV1eQ6bBrE5m/?spm_id_from=333.1387.favlist.content.click&vd_source=406d0cf895bedbdc58a3d0130d55e34c,BV1eQ6bBrE5m,【杨博文】四代来了一个表管天才<闭嘴跳舞>4k精剪直拍,61strawberry,3691004414658723,2026-02-01 20:51:17,42228,3927,473,3446,15,27,5,2,0,False
2026-03-02 01:36:27,https://www.bilibili.com/video/BV1eQ6bBrE5m/?spm_id_from=333.1387.favlist.content.click&vd_source=406d0cf895bedbdc58a3d0130d55e34c,BV1eQ6bBrE5m,【杨博文】四代来了一个表管天才<闭嘴跳舞>4k精剪直拍,61strawberry,3691004414658723,2026-02-01 20:51:17,42323,3928,473,3446,15,27,5,2,95,False
2026-03-02 02:36:34,https://www.bilibili.com/video/BV1eQ6bBrE5m/?spm_id_from=333.1387.favlist.content.click&vd_source=406d0cf895bedbdc58a3d0130d55e34c,BV1eQ6bBrE5m,【杨博文】四代来了一个表管天才<闭嘴跳舞>4k精剪直拍,61strawberry,3691004414658723,2026-02-01 20:51:17,42437,3929,473,3446,15,27,5,4,114,False
2026-03-02 03:36:40,https://www.bilibili.com/video/BV1eQ6bBrE5m/?spm_id_from=333.1387.favlist.content.click&vd_source=406d0cf895bedbdc58a3d0130d55e34c,BV1eQ6bBrE5m,【杨博文】四代来了一个表管天才<闭嘴跳舞>4k精剪直拍,61strawberry,3691004414658723,2026-02-01 20:51:17,42548,3929,473,3446,15,27,5,3,111,False
2026-03-02 04:36:46,https://www.bilibili.com/video/BV1eQ6bBrE5m/?spm_id_from=333.1387.favlist.content.click&vd_source=406d0cf895bedbdc58a3d0130d55e34c,BV1eQ6bBrE5m,【杨博文】四代来了一个表管天才<闭嘴跳舞>4k精剪直拍,61strawberry,3691004414658723,2026-02-01 20:51:17,42669,3929,473,3446,15,27,5,3,121,False
2026-03-02 05:36:53,https://www.bilibili.com/video/BV1eQ6bBrE5m/?spm_id_from=333.1387.favlist.content.click&vd_source=406d0cf895bedbdc58a3d0130d55e34c,BV1eQ6bBrE5m,【杨博文】四代来了一个表管天才<闭嘴跳舞>4k精剪直拍,61strawberry,3691004414658723,2026-02-01 20:51:17,42781,3929,473,3446,15,27,5,2,112,False
2026-03-02 06:36:59,https://www.bilibili.com/video/BV1eQ6bBrE5m/?spm_id_from=333.1387.favlist.content.click&vd_source=406d0cf895bedbdc58a3d0130d55e34c,BV1eQ6bBrE5m,【杨博文】四代来了一个表管天才<闭嘴跳舞>4k精剪直拍,61strawberry,3691004414658723,2026-02-01 20:51:17,42878,3929,473,3446,15,27,5,3,97,False
2026-03-02 07:37:05,https://www.bilibili.com/video/BV1eQ6bBrE5m/?spm_id_from=333.1387.favlist.content.click&vd_source=406d0cf895bedbdc58a3d0130d55e34c,BV1eQ6bBrE5m,【杨博文】四代来了一个表管天才<闭嘴跳舞>4k精剪直拍,61strawberry,3691004414658723,2026-02-01 20:51:17,42952,3929,473,3446,15,27,5,1,74,False
2026-03-02 08:37:12,https://www.bilibili.com/video/BV1eQ6bBrE5m/?spm_id_from=333.1387.favlist.content.click&vd_source=406d0cf895bedbdc58a3d0130d55e34c,BV1eQ6bBrE5m,【杨博文】四代来了一个表管天才<闭嘴跳舞>4k精剪直拍,61strawberry,3691004414658723,2026-02-01 20:51:17,43033,3929,473,3446,15,27,5,2,81,False
2026-03-02 09:37:18,https://www.bilibili.com/video/BV1eQ6bBrE5m/?spm_id_from=333.1387.favlist.content.click&vd_source=406d0cf895bedbdc58a3d0130d55e34c,BV1eQ6bBrE5m,【杨博文】四代来了一个表管天才<闭嘴跳舞>4k精剪直拍,61strawberry,3691004414658723,2026-02-01 20:51:17,43149,3929,473,3446,15,27,5,6,116,False
2026-03-02 10:37:25,https://www.bilibili.com/video/BV1eQ6bBrE5m/?spm_id_from=333.1387.favlist.content.click&vd_source=406d0cf895bedbdc58a3d0130d55e34c,BV1eQ6bBrE5m,【杨博文】四代来了一个表管天才<闭嘴跳舞>4k精剪直拍,61strawberry,3691004414658723,2026-02-01 20:51:17,43277,3930,473,3447,15,27,5,5,128,False
2026-03-02 11:37:31,https://www.bilibili.com/video/BV1eQ6bBrE5m/?spm_id_from=333.1387.favlist.content.click&vd_source=406d0cf895bedbdc58a3d0130d55e34c,BV1eQ6bBrE5m,【杨博文】四代来了一个表管天才<闭嘴跳舞>4k精剪直拍,61strawberry,3691004414658723,2026-02-01 20:51:17,43423,3930,473,3447,15,27,5,3,146,False
2026-03-02 12:37:37,https://www.bilibili.com/video/BV1eQ6bBrE5m/?spm_id_from=333.1387.favlist.content.click&vd_source=406d0cf895bedbdc58a3d0130d55e34c,BV1eQ6bBrE5m,【杨博文】四代来了一个表管天才<闭嘴跳舞>4k精剪直拍,61strawberry,3691004414658723,2026-02-01 20:51:17,43617,3932,473,3449,15,27,5,9,194,False
2026-03-02 13:37:44,https://www.bilibili.com/video/BV1eQ6bBrE5m/?spm_id_from=333.1387.favlist.content.click&vd_source=406d0cf895bedbdc58a3d0130d55e34c,BV1eQ6bBrE5m,【杨博文】四代来了一个表管天才<闭嘴跳舞>4k精剪直拍,61strawberry,3691004414658723,2026-02-01 20:51:17,43810,3936,475,3454,15,27,5,13,193,False
2026-03-02 14:37:50,https://www.bilibili.com/video/BV1eQ6bBrE5m/?spm_id_from=333.1387.favlist.content.click&vd_source=406d0cf895bedbdc58a3d0130d55e34c,BV1eQ6bBrE5m,【杨博文】四代来了一个表管天才<闭嘴跳舞>4k精剪直拍,61strawberry,3691004414658723,2026-02-01 20:51:17,44057,3939,475,3457,15,27,5,9,247,False
2026-03-02 15:37:56,https://www.bilibili.com/video/BV1eQ6bBrE5m/?spm_id_from=333.1387.favlist.content.click&vd_source=406d0cf895bedbdc58a3d0130d55e34c,BV1eQ6bBrE5m,【杨博文】四代来了一个表管天才<闭嘴跳舞>4k精剪直拍,61strawberry,3691004414658723,2026-02-01 20:51:17,44307,3943,477,3462,15,27,5,14,250,False
2026-03-02 16:38:03,https://www.bilibili.com/video/BV1eQ6bBrE5m/?spm_id_from=333.1387.favlist.content.click&vd_source=406d0cf895bedbdc58a3d0130d55e34c,BV1eQ6bBrE5m,【杨博文】四代来了一个表管天才<闭嘴跳舞>4k精剪直拍,61strawberry,3691004414658723,2026-02-01 20:51:17,44596,3951,479,3468,15,27,5,12,289,False
2026-03-02 17:38:09,https://www.bilibili.com/video/BV1eQ6bBrE5m/?spm_id_from=333.1387.favlist.content.click&vd_source=406d0cf895bedbdc58a3d0130d55e34c,BV1eQ6bBrE5m,【杨博文】四代来了一个表管天才<闭嘴跳舞>4k精剪直拍,61strawberry,3691004414658723,2026-02-01 20:51:17,44887,3954,479,3471,15,27,5,9,291,False
2026-03-02 18:38:16,https://www.bilibili.com/video/BV1eQ6bBrE5m/?spm_id_from=333.1387.favlist.content.click&vd_source=406d0cf895bedbdc58a3d0130d55e34c,BV1eQ6bBrE5m,【杨博文】四代来了一个表管天才<闭嘴跳舞>4k精剪直拍,61strawberry,3691004414658723,2026-02-01 20:51:17,45167,3956,479,3476,15,27,5,11,280,False
2026-03-02 19:38:22,https://www.bilibili.com/video/BV1eQ6bBrE5m/?spm_id_from=333.1387.favlist.content.click&vd_source=406d0cf895bedbdc58a3d0130d55e34c,BV1eQ6bBrE5m,【杨博文】四代来了一个表管天才<闭嘴跳舞>4k精剪直拍,61strawberry,3691004414658723,2026-02-01 20:51:17,45496,3959,480,3480,15,27,5,20,329,True
2026-03-02 20:38:29,https://www.bilibili.com/video/BV1eQ6bBrE5m/?spm_id_from=333.1387.favlist.content.click&vd_source=406d0cf895bedbdc58a3d0130d55e34c,BV1eQ6bBrE5m,【杨博文】四代来了一个表管天才<闭嘴跳舞>4k精剪直拍,61strawberry,3691004414658723,2026-02-01 20:51:17,45776,3961,480,3482,15,27,5,5,280,False
2026-03-02 21:38:35,https://www.bilibili.com/video/BV1eQ6bBrE5m/?spm_id_from=333.1387.favlist.content.click&vd_source=406d0cf895bedbdc58a3d0130d55e34c,BV1eQ6bBrE5m,【杨博文】四代来了一个表管天才<闭嘴跳舞>4k精剪直拍,61strawberry,3691004414658723,2026-02-01 20:51:17,45973,3965,480,3485,15,27,5,4,197,False
2026-03-02 22:10:39,https://www.bilibili.com/video/BV1eQ6bBrE5m/?spm_id_from=333.1387.favlist.content.click,BV1eQ6bBrE5m,【杨博文】四代来了一个表管天才<闭嘴跳舞>4k精剪直拍,61strawberry,3691004414658723,2026-02-01 20:51:17,46080,3968,480,3488,15,27,5,4,107,False
2026-03-02 22:21:52,https://www.bilibili.com/video/BV1eQ6bBrE5m/?spm_id_from=333.1387.favlist.content.click,BV1eQ6bBrE5m,【杨博文】四代来了一个表管天才<闭嘴跳舞>4k精剪直拍,61strawberry,3691004414658723,2026-02-01 20:51:17,46110,3968,480,3488,15,27,5,3,30,False
2026-03-02 23:22:05,https://www.bilibili.com/video/BV1eQ6bBrE5m/?spm_id_from=333.1387.favlist.content.click,BV1eQ6bBrE5m,【杨博文】四代来了一个表管天才<闭嘴跳舞>4k精剪直拍,61strawberry,3691004414658723,2026-02-01 20:51:17,46280,3971,482,3493,15,28,5,5,170,False
2026-03-02 00:36:21,https://www.bilibili.com/video/BV1Yo6bBMET2/?spm_id_from=333.1387.favlist.content.click&vd_source=406d0cf895bedbdc58a3d0130d55e34c,BV1Yo6bBMET2,【杨博文|4K直拍】《Why Why Why》 说什么又爱又恨的 其实梦里都是我的脸吧,WILSON丨杨博文,1383223009,2026-02-01 20:52:11,6976,390,96,166,3,3,0,7,0,False
2026-03-02 01:36:27,https://www.bilibili.com/video/BV1Yo6bBMET2/?spm_id_from=333.1387.favlist.content.click&vd_source=406d0cf895bedbdc58a3d0130d55e34c,BV1Yo6bBMET2,【杨博文|4K直拍】《Why Why Why》 说什么又爱又恨的 其实梦里都是我的脸吧,WILSON丨杨博文,1383223009,2026-02-01 20:52:11,7074,390,96,166,3,3,0,3,98,False
2026-03-02 02:36:34,https://www.bilibili.com/video/BV1Yo6bBMET2/?spm_id_from=333.1387.favlist.content.click&vd_source=406d0cf895bedbdc58a3d0130d55e34c,BV1Yo6bBMET2,【杨博文|4K直拍】《Why Why Why》 说什么又爱又恨的 其实梦里都是我的脸吧,WILSON丨杨博文,1383223009,2026-02-01 20:52:11,7191,390,96,166,3,3,0,5,117,False
2026-03-02 03:36:40,https://www.bilibili.com/video/BV1Yo6bBMET2/?spm_id_from=333.1387.favlist.content.click&vd_source=406d0cf895bedbdc58a3d0130d55e34c,BV1Yo6bBMET2,【杨博文|4K直拍】《Why Why Why》 说什么又爱又恨的 其实梦里都是我的脸吧,WILSON丨杨博文,1383223009,2026-02-01 20:52:11,7305,390,96,166,3,3,0,6,114,False
2026-03-02 04:36:46,https://www.bilibili.com/video/BV1Yo6bBMET2/?spm_id_from=333.1387.favlist.content.click&vd_source=406d0cf895bedbdc58a3d0130d55e34c,BV1Yo6bBMET2,【杨博文|4K直拍】《Why Why Why》 说什么又爱又恨的 其实梦里都是我的脸吧,WILSON丨杨博文,1383223009,2026-02-01 20:52:11,7421,390,96,166,3,3,0,4,116,False
2026-03-02 05:36:53,https://www.bilibili.com/video/BV1Yo6bBMET2/?spm_id_from=333.1387.favlist.content.click&vd_source=406d0cf895bedbdc58a3d0130d55e34c,BV1Yo6bBMET2,【杨博文|4K直拍】《Why Why Why》 说什么又爱又恨的 其实梦里都是我的脸吧,WILSON丨杨博文,1383223009,2026-02-01 20:52:11,7533,390,96,166,3,3,0,4,112,False
2026-03-02 06:36:59,https://www.bilibili.com/video/BV1Yo6bBMET2/?spm_id_from=333.1387.favlist.content.click&vd_source=406d0cf895bedbdc58a3d0130d55e34c,BV1Yo6bBMET2,【杨博文|4K直拍】《Why Why Why》 说什么又爱又恨的 其实梦里都是我的脸吧,WILSON丨杨博文,1383223009,2026-02-01 20:52:11,7635,390,96,166,3,3,0,1,102,False
2026-03-02 07:37:05,https://www.bilibili.com/video/BV1Yo6bBMET2/?spm_id_from=333.1387.favlist.content.click&vd_source=406d0cf895bedbdc58a3d0130d55e34c,BV1Yo6bBMET2,【杨博文|4K直拍】《Why Why Why》 说什么又爱又恨的 其实梦里都是我的脸吧,WILSON丨杨博文,1383223009,2026-02-01 20:52:11,7704,390,96,166,3,3,0,3,69,False
2026-03-02 08:37:12,https://www.bilibili.com/video/BV1Yo6bBMET2/?spm_id_from=333.1387.favlist.content.click&vd_source=406d0cf895bedbdc58a3d0130d55e34c,BV1Yo6bBMET2,【杨博文|4K直拍】《Why Why Why》 说什么又爱又恨的 其实梦里都是我的脸吧,WILSON丨杨博文,1383223009,2026-02-01 20:52:11,7787,390,96,166,3,3,0,8,83,False
2026-03-02 09:37:18,https://www.bilibili.com/video/BV1Yo6bBMET2/?spm_id_from=333.1387.favlist.content.click&vd_source=406d0cf895bedbdc58a3d0130d55e34c,BV1Yo6bBMET2,【杨博文|4K直拍】《Why Why Why》 说什么又爱又恨的 其实梦里都是我的脸吧,WILSON丨杨博文,1383223009,2026-02-01 20:52:11,7915,390,96,166,3,3,0,5,128,False
2026-03-02 10:37:25,https://www.bilibili.com/video/BV1Yo6bBMET2/?spm_id_from=333.1387.favlist.content.click&vd_source=406d0cf895bedbdc58a3d0130d55e34c,BV1Yo6bBMET2,【杨博文|4K直拍】《Why Why Why》 说什么又爱又恨的 其实梦里都是我的脸吧,WILSON丨杨博文,1383223009,2026-02-01 20:52:11,8064,390,96,166,3,3,0,4,149,False
2026-03-02 11:37:31,https://www.bilibili.com/video/BV1Yo6bBMET2/?spm_id_from=333.1387.favlist.content.click&vd_source=406d0cf895bedbdc58a3d0130d55e34c,BV1Yo6bBMET2,【杨博文|4K直拍】《Why Why Why》 说什么又爱又恨的 其实梦里都是我的脸吧,WILSON丨杨博文,1383223009,2026-02-01 20:52:11,8225,390,96,166,3,3,0,11,161,False
2026-03-02 12:37:37,https://www.bilibili.com/video/BV1Yo6bBMET2/?spm_id_from=333.1387.favlist.content.click&vd_source=406d0cf895bedbdc58a3d0130d55e34c,BV1Yo6bBMET2,【杨博文|4K直拍】《Why Why Why》 说什么又爱又恨的 其实梦里都是我的脸吧,WILSON丨杨博文,1383223009,2026-02-01 20:52:11,8414,390,96,166,3,3,0,11,189,False
2026-03-02 13:37:44,https://www.bilibili.com/video/BV1Yo6bBMET2/?spm_id_from=333.1387.favlist.content.click&vd_source=406d0cf895bedbdc58a3d0130d55e34c,BV1Yo6bBMET2,【杨博文|4K直拍】《Why Why Why》 说什么又爱又恨的 其实梦里都是我的脸吧,WILSON丨杨博文,1383223009,2026-02-01 20:52:11,8612,390,96,166,3,3,0,8,198,False
2026-03-02 14:37:50,https://www.bilibili.com/video/BV1Yo6bBMET2/?spm_id_from=333.1387.favlist.content.click&vd_source=406d0cf895bedbdc58a3d0130d55e34c,BV1Yo6bBMET2,【杨博文|4K直拍】《Why Why Why》 说什么又爱又恨的 其实梦里都是我的脸吧,WILSON丨杨博文,1383223009,2026-02-01 20:52:11,8854,391,98,168,3,3,0,13,242,False
2026-03-02 15:37:56,https://www.bilibili.com/video/BV1Yo6bBMET2/?spm_id_from=333.1387.favlist.content.click&vd_source=406d0cf895bedbdc58a3d0130d55e34c,BV1Yo6bBMET2,【杨博文|4K直拍】《Why Why Why》 说什么又爱又恨的 其实梦里都是我的脸吧,WILSON丨杨博文,1383223009,2026-02-01 20:52:11,9093,391,98,169,3,3,0,9,239,False
2026-03-02 16:38:03,https://www.bilibili.com/video/BV1Yo6bBMET2/?spm_id_from=333.1387.favlist.content.click&vd_source=406d0cf895bedbdc58a3d0130d55e34c,BV1Yo6bBMET2,【杨博文|4K直拍】《Why Why Why》 说什么又爱又恨的 其实梦里都是我的脸吧,WILSON丨杨博文,1383223009,2026-02-01 20:52:11,9353,393,100,172,3,3,0,8,260,False
2026-03-02 17:38:09,https://www.bilibili.com/video/BV1Yo6bBMET2/?spm_id_from=333.1387.favlist.content.click&vd_source=406d0cf895bedbdc58a3d0130d55e34c,BV1Yo6bBMET2,【杨博文|4K直拍】《Why Why Why》 说什么又爱又恨的 其实梦里都是我的脸吧,WILSON丨杨博文,1383223009,2026-02-01 20:52:11,9622,393,100,172,3,3,0,8,269,False
2026-03-02 18:38:16,https://www.bilibili.com/video/BV1Yo6bBMET2/?spm_id_from=333.1387.favlist.content.click&vd_source=406d0cf895bedbdc58a3d0130d55e34c,BV1Yo6bBMET2,【杨博文|4K直拍】《Why Why Why》 说什么又爱又恨的 其实梦里都是我的脸吧,WILSON丨杨博文,1383223009,2026-02-01 20:52:11,9878,393,100,173,3,3,0,9,256,False
2026-03-02 19:38:22,https://www.bilibili.com/video/BV1Yo6bBMET2/?spm_id_from=333.1387.favlist.content.click&vd_source=406d0cf895bedbdc58a3d0130d55e34c,BV1Yo6bBMET2,【杨博文|4K直拍】《Why Why Why》 说什么又爱又恨的 其实梦里都是我的脸吧,WILSON丨杨博文,1383223009,2026-02-01 20:52:11,10157,393,100,173,3,3,0,14,279,False
2026-03-02 20:38:29,https://www.bilibili.com/video/BV1Yo6bBMET2/?spm_id_from=333.1387.favlist.content.click&vd_source=406d0cf895bedbdc58a3d0130d55e34c,BV1Yo6bBMET2,【杨博文|4K直拍】《Why Why Why》 说什么又爱又恨的 其实梦里都是我的脸吧,WILSON丨杨博文,1383223009,2026-02-01 20:52:11,10407,393,100,173,3,3,0,4,250,False
2026-03-02 21:38:35,https://www.bilibili.com/video/BV1Yo6bBMET2/?spm_id_from=333.1387.favlist.content.click&vd_source=406d0cf895bedbdc58a3d0130d55e34c,BV1Yo6bBMET2,【杨博文|4K直拍】《Why Why Why》 说什么又爱又恨的 其实梦里都是我的脸吧,WILSON丨杨博文,1383223009,2026-02-01 20:52:11,10584,393,100,176,3,3,0,8,177,False
2026-03-02 22:10:39,https://www.bilibili.com/video/BV1Yo6bBMET2/?spm_id_from=333.1387.favlist.content.click,BV1Yo6bBMET2,【杨博文|4K直拍】《Why Why Why》 说什么又爱又恨的 其实梦里都是我的脸吧,WILSON丨杨博文,1383223009,2026-02-01 20:52:11,10666,393,100,176,3,3,0,9,82,False
2026-03-02 22:21:52,https://www.bilibili.com/video/BV1Yo6bBMET2/?spm_id_from=333.1387.favlist.content.click,BV1Yo6bBMET2,【杨博文|4K直拍】《Why Why Why》 说什么又爱又恨的 其实梦里都是我的脸吧,WILSON丨杨博文,1383223009,2026-02-01 20:52:11,10689,393,100,176,3,3,0,5,23,False
2026-03-02 23:22:05,https://www.bilibili.com/video/BV1Yo6bBMET2/?spm_id_from=333.1387.favlist.content.click,BV1Yo6bBMET2,【杨博文|4K直拍】《Why Why Why》 说什么又爱又恨的 其实梦里都是我的脸吧,WILSON丨杨博文,1383223009,2026-02-01 20:52:11,10843,393,100,178,3,3,0,4,154,False
2026-03-02 00:36:21,https://www.bilibili.com/video/BV1rEdzYbEEP/?spm_id_from=333.1387.favlist.content.click&vd_source=406d0cf895bedbdc58a3d0130d55e34c,BV1rEdzYbEEP,【TF家族练习生】杨博文《火力全开》声乐COVER,TF家族,3670216,2025-04-13 20:30:00,1996995,75184,25412,51949,6186,5033,53346,1,0,False
2026-03-02 01:36:27,https://www.bilibili.com/video/BV1rEdzYbEEP/?spm_id_from=333.1387.favlist.content.click&vd_source=406d0cf895bedbdc58a3d0130d55e34c,BV1rEdzYbEEP,【TF家族练习生】杨博文《火力全开》声乐COVER,TF家族,3670216,2025-04-13 20:30:00,1997026,75187,25414,51952,6186,5033,53346,1,31,False
2026-03-02 02:36:34,https://www.bilibili.com/video/BV1rEdzYbEEP/?spm_id_from=333.1387.favlist.content.click&vd_source=406d0cf895bedbdc58a3d0130d55e34c,BV1rEdzYbEEP,【TF家族练习生】杨博文《火力全开》声乐COVER,TF家族,3670216,2025-04-13 20:30:00,1997053,75190,25414,51955,6187,5033,53347,1,27,False
2026-03-02 03:36:40,https://www.bilibili.com/video/BV1rEdzYbEEP/?spm_id_from=333.1387.favlist.content.click&vd_source=406d0cf895bedbdc58a3d0130d55e34c,BV1rEdzYbEEP,【TF家族练习生】杨博文《火力全开》声乐COVER,TF家族,3670216,2025-04-13 20:30:00,1997066,75189,25414,51955,6187,5033,53347,1,13,False
2026-03-02 04:36:46,https://www.bilibili.com/video/BV1rEdzYbEEP/?spm_id_from=333.1387.favlist.content.click&vd_source=406d0cf895bedbdc58a3d0130d55e34c,BV1rEdzYbEEP,【TF家族练习生】杨博文《火力全开》声乐COVER,TF家族,3670216,2025-04-13 20:30:00,1997079,75189,25414,51956,6187,5033,53347,1,13,False
2026-03-02 05:36:53,https://www.bilibili.com/video/BV1rEdzYbEEP/?spm_id_from=333.1387.favlist.content.click&vd_source=406d0cf895bedbdc58a3d0130d55e34c,BV1rEdzYbEEP,【TF家族练习生】杨博文《火力全开》声乐COVER,TF家族,3670216,2025-04-13 20:30:00,1997085,75191,25414,51956,6187,5033,53347,1,6,False
2026-03-02 06:36:59,https://www.bilibili.com/video/BV1rEdzYbEEP/?spm_id_from=333.1387.favlist.content.click&vd_source=406d0cf895bedbdc58a3d0130d55e34c,BV1rEdzYbEEP,【TF家族练习生】杨博文《火力全开》声乐COVER,TF家族,3670216,2025-04-13 20:30:00,1997088,75191,25414,51956,6187,5033,53347,1,3,False
2026-03-02 07:37:05,https://www.bilibili.com/video/BV1rEdzYbEEP/?spm_id_from=333.1387.favlist.content.click&vd_source=406d0cf895bedbdc58a3d0130d55e34c,BV1rEdzYbEEP,【TF家族练习生】杨博文《火力全开》声乐COVER,TF家族,3670216,2025-04-13 20:30:00,1997093,75192,25414,51956,6187,5033,53347,1,5,False
2026-03-02 08:37:12,https://www.bilibili.com/video/BV1rEdzYbEEP/?spm_id_from=333.1387.favlist.content.click&vd_source=406d0cf895bedbdc58a3d0130d55e34c,BV1rEdzYbEEP,【TF家族练习生】杨博文《火力全开》声乐COVER,TF家族,3670216,2025-04-13 20:30:00,1997104,75192,25414,51956,6187,5033,53347,2,11,False
2026-03-02 09:37:18,https://www.bilibili.com/video/BV1rEdzYbEEP/?spm_id_from=333.1387.favlist.content.click&vd_source=406d0cf895bedbdc58a3d0130d55e34c,BV1rEdzYbEEP,【TF家族练习生】杨博文《火力全开》声乐COVER,TF家族,3670216,2025-04-13 20:30:00,1997125,75192,25414,51957,6187,5033,53347,2,21,False
2026-03-02 10:37:25,https://www.bilibili.com/video/BV1rEdzYbEEP/?spm_id_from=333.1387.favlist.content.click&vd_source=406d0cf895bedbdc58a3d0130d55e34c,BV1rEdzYbEEP,【TF家族练习生】杨博文《火力全开》声乐COVER,TF家族,3670216,2025-04-13 20:30:00,1997153,75193,25418,51959,6187,5033,53347,4,28,False
2026-03-02 11:37:31,https://www.bilibili.com/video/BV1rEdzYbEEP/?spm_id_from=333.1387.favlist.content.click&vd_source=406d0cf895bedbdc58a3d0130d55e34c,BV1rEdzYbEEP,【TF家族练习生】杨博文《火力全开》声乐COVER,TF家族,3670216,2025-04-13 20:30:00,1997209,75198,25420,51961,6187,5033,53347,1,56,False
2026-03-02 12:37:37,https://www.bilibili.com/video/BV1rEdzYbEEP/?spm_id_from=333.1387.favlist.content.click&vd_source=406d0cf895bedbdc58a3d0130d55e34c,BV1rEdzYbEEP,【TF家族练习生】杨博文《火力全开》声乐COVER,TF家族,3670216,2025-04-13 20:30:00,1997257,75202,25422,51962,6187,5033,53347,4,48,False
2026-03-02 13:37:44,https://www.bilibili.com/video/BV1rEdzYbEEP/?spm_id_from=333.1387.favlist.content.click&vd_source=406d0cf895bedbdc58a3d0130d55e34c,BV1rEdzYbEEP,【TF家族练习生】杨博文《火力全开》声乐COVER,TF家族,3670216,2025-04-13 20:30:00,1997315,75203,25422,51962,6187,5033,53350,2,58,False
2026-03-02 14:37:50,https://www.bilibili.com/video/BV1rEdzYbEEP/?spm_id_from=333.1387.favlist.content.click&vd_source=406d0cf895bedbdc58a3d0130d55e34c,BV1rEdzYbEEP,【TF家族练习生】杨博文《火力全开》声乐COVER,TF家族,3670216,2025-04-13 20:30:00,1997375,75207,25424,51965,6187,5033,53350,1,60,False
2026-03-02 15:37:56,https://www.bilibili.com/video/BV1rEdzYbEEP/?spm_id_from=333.1387.favlist.content.click&vd_source=406d0cf895bedbdc58a3d0130d55e34c,BV1rEdzYbEEP,【TF家族练习生】杨博文《火力全开》声乐COVER,TF家族,3670216,2025-04-13 20:30:00,1997452,75211,25426,51969,6187,5033,53350,6,77,False
2026-03-02 16:38:03,https://www.bilibili.com/video/BV1rEdzYbEEP/?spm_id_from=333.1387.favlist.content.click&vd_source=406d0cf895bedbdc58a3d0130d55e34c,BV1rEdzYbEEP,【TF家族练习生】杨博文《火力全开》声乐COVER,TF家族,3670216,2025-04-13 20:30:00,1997509,75212,25426,51974,6187,5033,53350,3,57,False
2026-03-02 17:38:09,https://www.bilibili.com/video/BV1rEdzYbEEP/?spm_id_from=333.1387.favlist.content.click&vd_source=406d0cf895bedbdc58a3d0130d55e34c,BV1rEdzYbEEP,【TF家族练习生】杨博文《火力全开》声乐COVER,TF家族,3670216,2025-04-13 20:30:00,1997569,75214,25426,51976,6187,5033,53350,3,60,False
2026-03-02 18:38:16,https://www.bilibili.com/video/BV1rEdzYbEEP/?spm_id_from=333.1387.favlist.content.click&vd_source=406d0cf895bedbdc58a3d0130d55e34c,BV1rEdzYbEEP,【TF家族练习生】杨博文《火力全开》声乐COVER,TF家族,3670216,2025-04-13 20:30:00,1997625,75219,25427,51977,6187,5033,53350,5,56,False
2026-03-02 19:38:22,https://www.bilibili.com/video/BV1rEdzYbEEP/?spm_id_from=333.1387.favlist.content.click&vd_source=406d0cf895bedbdc58a3d0130d55e34c,BV1rEdzYbEEP,【TF家族练习生】杨博文《火力全开》声乐COVER,TF家族,3670216,2025-04-13 20:30:00,1997687,75222,25427,51978,6187,5033,53350,3,62,False
2026-03-02 20:38:29,https://www.bilibili.com/video/BV1rEdzYbEEP/?spm_id_from=333.1387.favlist.content.click&vd_source=406d0cf895bedbdc58a3d0130d55e34c,BV1rEdzYbEEP,【TF家族练习生】杨博文《火力全开》声乐COVER,TF家族,3670216,2025-04-13 20:30:00,1997767,75223,25427,51979,6187,5034,53350,4,80,False
2026-03-02 21:38:35,https://www.bilibili.com/video/BV1rEdzYbEEP/?spm_id_from=333.1387.favlist.content.click&vd_source=406d0cf895bedbdc58a3d0130d55e34c,BV1rEdzYbEEP,【TF家族练习生】杨博文《火力全开》声乐COVER,TF家族,3670216,2025-04-13 20:30:00,1997866,75227,25429,51983,6187,5034,53352,3,99,False
2026-03-02 22:10:39,https://www.bilibili.com/video/BV1rEdzYbEEP/?spm_id_from=333.1387.favlist.content.click&vd_source=406d0cf895bedbdc58a3d0130d55e34c,BV1rEdzYbEEP,【TF家族练习生】杨博文《火力全开》声乐COVER,TF家族,3670216,2025-04-13 20:30:00,1997914,75230,25431,51983,6187,5034,53352,7,48,False
2026-03-02 22:21:52,https://www.bilibili.com/video/BV1rEdzYbEEP/?spm_id_from=333.1387.favlist.content.click&vd_source=406d0cf895bedbdc58a3d0130d55e34c,BV1rEdzYbEEP,【TF家族练习生】杨博文《火力全开》声乐COVER,TF家族,3670216,2025-04-13 20:30:00,1997925,75230,25431,51982,6187,5034,53352,3,11,False
2026-03-02 23:22:05,https://www.bilibili.com/video/BV1rEdzYbEEP/?spm_id_from=333.1387.favlist.content.click&vd_source=406d0cf895bedbdc58a3d0130d55e34c,BV1rEdzYbEEP,【TF家族练习生】杨博文《火力全开》声乐COVER,TF家族,3670216,2025-04-13 20:30:00,1997995,75235,25431,51985,6187,5034,53352,3,70,False
2026-03-02 00:36:21,https://www.bilibili.com/video/BV1s8BvBPEN5/?spm_id_from=333.1387.favlist.content.click&vd_source=406d0cf895bedbdc58a3d0130d55e34c,BV1s8BvBPEN5,【杨博文｜4K舞台直拍】好运来祝你好运来～博文宝宝祝你新年好运来,关键时刻来瓶尖叫,2142251174,2025-12-27 00:43:12,1790389,28705,15334,27463,1546,3770,4297,2,0,False
2026-03-02 01:36:27,https://www.bilibili.com/video/BV1s8BvBPEN5/?spm_id_from=333.1387.favlist.content.click&vd_source=406d0cf895bedbdc58a3d0130d55e34c,BV1s8BvBPEN5,【杨博文｜4K舞台直拍】好运来祝你好运来～博文宝宝祝你新年好运来,关键时刻来瓶尖叫,2142251174,2025-12-27 00:43:12,1790807,28707,15336,27464,1546,3770,4297,3,418,True
2026-03-02 02:36:34,https://www.bilibili.com/video/BV1s8BvBPEN5/?spm_id_from=333.1387.favlist.content.click&vd_source=406d0cf895bedbdc58a3d0130d55e34c,BV1s8BvBPEN5,【杨博文｜4K舞台直拍】好运来祝你好运来～博文宝宝祝你新年好运来,关键时刻来瓶尖叫,2142251174,2025-12-27 00:43:12,1791300,28710,15336,27468,1546,3770,4297,1,493,True
2026-03-02 03:36:40,https://www.bilibili.com/video/BV1s8BvBPEN5/?spm_id_from=333.1387.favlist.content.click&vd_source=406d0cf895bedbdc58a3d0130d55e34c,BV1s8BvBPEN5,【杨博文｜4K舞台直拍】好运来祝你好运来～博文宝宝祝你新年好运来,关键时刻来瓶尖叫,2142251174,2025-12-27 00:43:12,1791762,28711,15338,27468,1546,3770,4297,1,462,True
2026-03-02 04:36:46,https://www.bilibili.com/video/BV1s8BvBPEN5/?spm_id_from=333.1387.favlist.content.click&vd_source=406d0cf895bedbdc58a3d0130d55e34c,BV1s8BvBPEN5,【杨博文｜4K舞台直拍】好运来祝你好运来～博文宝宝祝你新年好运来,关键时刻来瓶尖叫,2142251174,2025-12-27 00:43:12,1792240,28712,15338,27468,1546,3770,4297,1,478,True
2026-03-02 05:36:53,https://www.bilibili.com/video/BV1s8BvBPEN5/?spm_id_from=333.1387.favlist.content.click&vd_source=406d0cf895bedbdc58a3d0130d55e34c,BV1s8BvBPEN5,【杨博文｜4K舞台直拍】好运来祝你好运来～博文宝宝祝你新年好运来,关键时刻来瓶尖叫,2142251174,2025-12-27 00:43:12,1792675,28712,15338,27468,1546,3770,4297,1,435,True
2026-03-02 06:36:59,https://www.bilibili.com/video/BV1s8BvBPEN5/?spm_id_from=333.1387.favlist.content.click&vd_source=406d0cf895bedbdc58a3d0130d55e34c,BV1s8BvBPEN5,【杨博文｜4K舞台直拍】好运来祝你好运来～博文宝宝祝你新年好运来,关键时刻来瓶尖叫,2142251174,2025-12-27 00:43:12,1793085,28712,15338,27468,1546,3770,4297,2,410,True
2026-03-02 07:37:05,https://www.bilibili.com/video/BV1s8BvBPEN5/?spm_id_from=333.1387.favlist.content.click&vd_source=406d0cf895bedbdc58a3d0130d55e34c,BV1s8BvBPEN5,【杨博文｜4K舞台直拍】好运来祝你好运来～博文宝宝祝你新年好运来,关键时刻来瓶尖叫,2142251174,2025-12-27 00:43:12,1793455,28712,15338,27468,1547,3770,4298,2,370,True
2026-03-02 08:37:12,https://www.bilibili.com/video/BV1s8BvBPEN5/?spm_id_from=333.1387.favlist.content.click&vd_source=406d0cf895bedbdc58a3d0130d55e34c,BV1s8BvBPEN5,【杨博文｜4K舞台直拍】好运来祝你好运来～博文宝宝祝你新年好运来,关键时刻来瓶尖叫,2142251174,2025-12-27 00:43:12,1793834,28713,15338,27469,1547,3770,4298,1,379,True
2026-03-02 09:37:18,https://www.bilibili.com/video/BV1s8BvBPEN5/?spm_id_from=333.1387.favlist.content.click&vd_source=406d0cf895bedbdc58a3d0130d55e34c,BV1s8BvBPEN5,【杨博文｜4K舞台直拍】好运来祝你好运来～博文宝宝祝你新年好运来,关键时刻来瓶尖叫,2142251174,2025-12-27 00:43:12,1794227,28714,15340,27472,1547,3770,4298,1,393,True
2026-03-02 10:37:25,https://www.bilibili.com/video/BV1s8BvBPEN5/?spm_id_from=333.1387.favlist.content.click&vd_source=406d0cf895bedbdc58a3d0130d55e34c,BV1s8BvBPEN5,【杨博文｜4K舞台直拍】好运来祝你好运来～博文宝宝祝你新年好运来,关键时刻来瓶尖叫,2142251174,2025-12-27 00:43:12,1794605,28715,15340,27475,1547,3770,4298,1,378,True
2026-03-02 11:37:31,https://www.bilibili.com/video/BV1s8BvBPEN5/?spm_id_from=333.1387.favlist.content.click&vd_source=406d0cf895bedbdc58a3d0130d55e34c,BV1s8BvBPEN5,【杨博文｜4K舞台直拍】好运来祝你好运来～博文宝宝祝你新年好运来,关键时刻来瓶尖叫,2142251174,2025-12-27 00:43:12,1794993,28715,15340,27474,1547,3770,4298,5,388,True
2026-03-02 12:37:37,https://www.bilibili.com/video/BV1s8BvBPEN5/?spm_id_from=333.1387.favlist.content.click&vd_source=406d0cf895bedbdc58a3d0130d55e34c,BV1s8BvBPEN5,【杨博文｜4K舞台直拍】好运来祝你好运来～博文宝宝祝你新年好运来,关键时刻来瓶尖叫,2142251174,2025-12-27 00:43:12,1795371,28716,15342,27474,1547,3770,4298,6,378,True
2026-03-02 13:37:44,https://www.bilibili.com/video/BV1s8BvBPEN5/?spm_id_from=333.1387.favlist.content.click&vd_source=406d0cf895bedbdc58a3d0130d55e34c,BV1s8BvBPEN5,【杨博文｜4K舞台直拍】好运来祝你好运来～博文宝宝祝你新年好运来,关键时刻来瓶尖叫,2142251174,2025-12-27 00:43:12,1795723,28718,15342,27478,1547,3770,4298,6,352,True
2026-03-02 14:37:50,https://www.bilibili.com/video/BV1s8BvBPEN5/?spm_id_from=333.1387.favlist.content.click&vd_source=406d0cf895bedbdc58a3d0130d55e34c,BV1s8BvBPEN5,【杨博文｜4K舞台直拍】好运来祝你好运来～博文宝宝祝你新年好运来,关键时刻来瓶尖叫,2142251174,2025-12-27 00:43:12,1796139,28720,15342,27480,1547,3770,4298,11,416,True
2026-03-02 15:37:56,https://www.bilibili.com/video/BV1s8BvBPEN5/?spm_id_from=333.1387.favlist.content.click&vd_source=406d0cf895bedbdc58a3d0130d55e34c,BV1s8BvBPEN5,【杨博文｜4K舞台直拍】好运来祝你好运来～博文宝宝祝你新年好运来,关键时刻来瓶尖叫,2142251174,2025-12-27 00:43:12,1796590,28725,15347,27484,1547,3770,4298,7,451,True
2026-03-02 16:38:03,https://www.bilibili.com/video/BV1s8BvBPEN5/?spm_id_from=333.1387.favlist.content.click&vd_source=406d0cf895bedbdc58a3d0130d55e34c,BV1s8BvBPEN5,【杨博文｜4K舞台直拍】好运来祝你好运来～博文宝宝祝你新年好运来,关键时刻来瓶尖叫,2142251174,2025-12-27 00:43:12,1797041,28731,15351,27485,1547,3770,4298,8,451,True
2026-03-02 17:38:09,https://www.bilibili.com/video/BV1s8BvBPEN5/?spm_id_from=333.1387.favlist.content.click&vd_source=406d0cf895bedbdc58a3d0130d55e34c,BV1s8BvBPEN5,【杨博文｜4K舞台直拍】好运来祝你好运来～博文宝宝祝你新年好运来,关键时刻来瓶尖叫,2142251174,2025-12-27 00:43:12,1797480,28733,15353,27488,1547,3770,4298,5,439,True
2026-03-02 18:38:16,https://www.bilibili.com/video/BV1s8BvBPEN5/?spm_id_from=333.1387.favlist.content.click&vd_source=406d0cf895bedbdc58a3d0130d55e34c,BV1s8BvBPEN5,【杨博文｜4K舞台直拍】好运来祝你好运来～博文宝宝祝你新年好运来,关键时刻来瓶尖叫,2142251174,2025-12-27 00:43:12,1797880,28735,15353,27488,1547,3770,4298,5,400,True
2026-03-02 19:38:22,https://www.bilibili.com/video/BV1s8BvBPEN5/?spm_id_from=333.1387.favlist.content.click&vd_source=406d0cf895bedbdc58a3d0130d55e34c,BV1s8BvBPEN5,【杨博文｜4K舞台直拍】好运来祝你好运来～博文宝宝祝你新年好运来,关键时刻来瓶尖叫,2142251174,2025-12-27 00:43:12,1798306,28740,15355,27491,1547,3770,4298,7,426,True
2026-03-02 20:38:29,https://www.bilibili.com/video/BV1s8BvBPEN5/?spm_id_from=333.1387.favlist.content.click&vd_source=406d0cf895bedbdc58a3d0130d55e34c,BV1s8BvBPEN5,【杨博文｜4K舞台直拍】好运来祝你好运来～博文宝宝祝你新年好运来,关键时刻来瓶尖叫,2142251174,2025-12-27 00:43:12,1798755,28740,15355,27491,1547,3770,4298,8,449,True
2026-03-02 21:38:35,https://www.bilibili.com/video/BV1s8BvBPEN5/?spm_id_from=333.1387.favlist.content.click&vd_source=406d0cf895bedbdc58a3d0130d55e34c,BV1s8BvBPEN5,【杨博文｜4K舞台直拍】好运来祝你好运来～博文宝宝祝你新年好运来,关键时刻来瓶尖叫,2142251174,2025-12-27 00:43:12,1799152,28743,15357,27497,1547,3770,4298,3,397,True
2026-03-02 22:10:39,https://www.bilibili.com/video/BV1s8BvBPEN5/?spm_id_from=333.1387.favlist.content.click&vd_source=406d0cf895bedbdc58a3d0130d55e34c,BV1s8BvBPEN5,【杨博文｜4K舞台直拍】好运来祝你好运来～博文宝宝祝你新年好运来,关键时刻来瓶尖叫,2142251174,2025-12-27 00:43:12,1799333,28744,15357,27499,1547,3770,4298,8,181,False
2026-03-02 22:21:52,https://www.bilibili.com/video/BV1s8BvBPEN5/?spm_id_from=333.1387.favlist.content.click&vd_source=406d0cf895bedbdc58a3d0130d55e34c,BV1s8BvBPEN5,【杨博文｜4K舞台直拍】好运来祝你好运来～博文宝宝祝你新年好运来,关键时刻来瓶尖叫,2142251174,2025-12-27 00:43:12,1799387,28745,15359,27499,1547,3770,4298,3,54,False
2026-03-02 23:22:05,https://www.bilibili.com/video/BV1s8BvBPEN5/?spm_id_from=333.1387.favlist.content.click&vd_source=406d0cf895bedbdc58a3d0130d55e34c,BV1s8BvBPEN5,【杨博文｜4K舞台直拍】好运来祝你好运来～博文宝宝祝你新年好运来,关键时刻来瓶尖叫,2142251174,2025-12-27 00:43:12,1799661,28747,15363,27500,1547,3770,4299,3,274,False
2026-03-02 00:36:21,https://www.bilibili.com/video/BV1A5vkB2E1k/?spm_id_from=333.1387.favlist.content.click&vd_source=406d0cf895bedbdc58a3d0130d55e34c,BV1A5vkB2E1k,【杨博文】Hey Mama六机位纯舞直拍丨15岁舞台统治者的诞生，四代主舞燃炸全场！,Kismet丨杨博文,259932025,2025-12-28 22:28:16,2197975,52163,39727,39179,5499,11268,17416,3,0,False
2026-03-02 01:36:27,https://www.bilibili.com/video/BV1A5vkB2E1k/?spm_id_from=333.1387.favlist.content.click&vd_source=406d0cf895bedbdc58a3d0130d55e34c,BV1A5vkB2E1k,【杨博文】Hey Mama六机位纯舞直拍丨15岁舞台统治者的诞生，四代主舞燃炸全场！,Kismet丨杨博文,259932025,2025-12-28 22:28:16,2198461,52166,39729,39181,5499,11268,17416,3,486,True
2026-03-02 02:36:34,https://www.bilibili.com/video/BV1A5vkB2E1k/?spm_id_from=333.1387.favlist.content.click&vd_source=406d0cf895bedbdc58a3d0130d55e34c,BV1A5vkB2E1k,【杨博文】Hey Mama六机位纯舞直拍丨15岁舞台统治者的诞生，四代主舞燃炸全场！,Kismet丨杨博文,259932025,2025-12-28 22:28:16,2198994,52173,39737,39186,5499,11268,17416,4,533,True
2026-03-02 03:36:40,https://www.bilibili.com/video/BV1A5vkB2E1k/?spm_id_from=333.1387.favlist.content.click&vd_source=406d0cf895bedbdc58a3d0130d55e34c,BV1A5vkB2E1k,【杨博文】Hey Mama六机位纯舞直拍丨15岁舞台统治者的诞生，四代主舞燃炸全场！,Kismet丨杨博文,259932025,2025-12-28 22:28:16,2199495,52174,39737,39188,5501,11268,17416,2,501,True
2026-03-02 04:36:46,https://www.bilibili.com/video/BV1A5vkB2E1k/?spm_id_from=333.1387.favlist.content.click&vd_source=406d0cf895bedbdc58a3d0130d55e34c,BV1A5vkB2E1k,【杨博文】Hey Mama六机位纯舞直拍丨15岁舞台统治者的诞生，四代主舞燃炸全场！,Kismet丨杨博文,259932025,2025-12-28 22:28:16,2199996,52175,39739,39189,5501,11268,17416,1,501,True
2026-03-02 05:36:53,https://www.bilibili.com/video/BV1A5vkB2E1k/?spm_id_from=333.1387.favlist.content.click&vd_source=406d0cf895bedbdc58a3d0130d55e34c,BV1A5vkB2E1k,【杨博文】Hey Mama六机位纯舞直拍丨15岁舞台统治者的诞生，四代主舞燃炸全场！,Kismet丨杨博文,259932025,2025-12-28 22:28:16,2200462,52176,39739,39188,5501,11268,17416,3,466,True
2026-03-02 06:36:59,https://www.bilibili.com/video/BV1A5vkB2E1k/?spm_id_from=333.1387.favlist.content.click&vd_source=406d0cf895bedbdc58a3d0130d55e34c,BV1A5vkB2E1k,【杨博文】Hey Mama六机位纯舞直拍丨15岁舞台统治者的诞生，四代主舞燃炸全场！,Kismet丨杨博文,259932025,2025-12-28 22:28:16,2200890,52176,39739,39188,5501,11268,17416,4,428,True
2026-03-02 07:37:05,https://www.bilibili.com/video/BV1A5vkB2E1k/?spm_id_from=333.1387.favlist.content.click&vd_source=406d0cf895bedbdc58a3d0130d55e34c,BV1A5vkB2E1k,【杨博文】Hey Mama六机位纯舞直拍丨15岁舞台统治者的诞生，四代主舞燃炸全场！,Kismet丨杨博文,259932025,2025-12-28 22:28:16,2201307,52177,39739,39189,5501,11268,17416,2,417,True
2026-03-02 08:37:12,https://www.bilibili.com/video/BV1A5vkB2E1k/?spm_id_from=333.1387.favlist.content.click&vd_source=406d0cf895bedbdc58a3d0130d55e34c,BV1A5vkB2E1k,【杨博文】Hey Mama六机位纯舞直拍丨15岁舞台统治者的诞生，四代主舞燃炸全场！,Kismet丨杨博文,259932025,2025-12-28 22:28:16,2201737,52177,39739,39190,5501,11268,17416,4,430,True
2026-03-02 09:37:18,https://www.bilibili.com/video/BV1A5vkB2E1k/?spm_id_from=333.1387.favlist.content.click&vd_source=406d0cf895bedbdc58a3d0130d55e34c,BV1A5vkB2E1k,【杨博文】Hey Mama六机位纯舞直拍丨15岁舞台统治者的诞生，四代主舞燃炸全场！,Kismet丨杨博文,259932025,2025-12-28 22:28:16,2202194,52179,39741,39193,5501,11269,17418,1,457,True
2026-03-02 10:37:25,https://www.bilibili.com/video/BV1A5vkB2E1k/?spm_id_from=333.1387.favlist.content.click&vd_source=406d0cf895bedbdc58a3d0130d55e34c,BV1A5vkB2E1k,【杨博文】Hey Mama六机位纯舞直拍丨15岁舞台统治者的诞生，四代主舞燃炸全场！,Kismet丨杨博文,259932025,2025-12-28 22:28:16,2202631,52179,39741,39194,5502,11269,17418,2,437,True
2026-03-02 11:37:31,https://www.bilibili.com/video/BV1A5vkB2E1k/?spm_id_from=333.1387.favlist.content.click&vd_source=406d0cf895bedbdc58a3d0130d55e34c,BV1A5vkB2E1k,【杨博文】Hey Mama六机位纯舞直拍丨15岁舞台统治者的诞生，四代主舞燃炸全场！,Kismet丨杨博文,259932025,2025-12-28 22:28:16,2203109,52181,39741,39195,5502,11269,17418,2,478,True
2026-03-02 12:37:37,https://www.bilibili.com/video/BV1A5vkB2E1k/?spm_id_from=333.1387.favlist.content.click&vd_source=406d0cf895bedbdc58a3d0130d55e34c,BV1A5vkB2E1k,【杨博文】Hey Mama六机位纯舞直拍丨15岁舞台统治者的诞生，四代主舞燃炸全场！,Kismet丨杨博文,259932025,2025-12-28 22:28:16,2203557,52181,39741,39196,5502,11269,17419,1,448,True
2026-03-02 13:37:44,https://www.bilibili.com/video/BV1A5vkB2E1k/?spm_id_from=333.1387.favlist.content.click&vd_source=406d0cf895bedbdc58a3d0130d55e34c,BV1A5vkB2E1k,【杨博文】Hey Mama六机位纯舞直拍丨15岁舞台统治者的诞生，四代主舞燃炸全场！,Kismet丨杨博文,259932025,2025-12-28 22:28:16,2203975,52182,39741,39197,5502,11269,17419,1,418,True
2026-03-02 14:37:50,https://www.bilibili.com/video/BV1A5vkB2E1k/?spm_id_from=333.1387.favlist.content.click&vd_source=406d0cf895bedbdc58a3d0130d55e34c,BV1A5vkB2E1k,【杨博文】Hey Mama六机位纯舞直拍丨15岁舞台统治者的诞生，四代主舞燃炸全场！,Kismet丨杨博文,259932025,2025-12-28 22:28:16,2204435,52187,39745,39201,5504,11269,17419,6,460,True
2026-03-02 15:37:56,https://www.bilibili.com/video/BV1A5vkB2E1k/?spm_id_from=333.1387.favlist.content.click&vd_source=406d0cf895bedbdc58a3d0130d55e34c,BV1A5vkB2E1k,【杨博文】Hey Mama六机位纯舞直拍丨15岁舞台统治者的诞生，四代主舞燃炸全场！,Kismet丨杨博文,259932025,2025-12-28 22:28:16,2204934,52191,39749,39208,5504,11269,17420,3,499,True
2026-03-02 16:38:03,https://www.bilibili.com/video/BV1A5vkB2E1k/?spm_id_from=333.1387.favlist.content.click&vd_source=406d0cf895bedbdc58a3d0130d55e34c,BV1A5vkB2E1k,【杨博文】Hey Mama六机位纯舞直拍丨15岁舞台统治者的诞生，四代主舞燃炸全场！,Kismet丨杨博文,259932025,2025-12-28 22:28:16,2205489,52192,39749,39209,5504,11269,17421,10,555,True
2026-03-02 17:38:09,https://www.bilibili.com/video/BV1A5vkB2E1k/?spm_id_from=333.1387.favlist.content.click&vd_source=406d0cf895bedbdc58a3d0130d55e34c,BV1A5vkB2E1k,【杨博文】Hey Mama六机位纯舞直拍丨15岁舞台统治者的诞生，四代主舞燃炸全场！,Kismet丨杨博文,259932025,2025-12-28 22:28:16,2205975,52192,39749,39210,5504,11269,17421,11,486,True
2026-03-02 18:38:16,https://www.bilibili.com/video/BV1A5vkB2E1k/?spm_id_from=333.1387.favlist.content.click&vd_source=406d0cf895bedbdc58a3d0130d55e34c,BV1A5vkB2E1k,【杨博文】Hey Mama六机位纯舞直拍丨15岁舞台统治者的诞生，四代主舞燃炸全场！,Kismet丨杨博文,259932025,2025-12-28 22:28:16,2206415,52196,39751,39213,5504,11269,17424,10,440,True
2026-03-02 19:38:22,https://www.bilibili.com/video/BV1A5vkB2E1k/?spm_id_from=333.1387.favlist.content.click&vd_source=406d0cf895bedbdc58a3d0130d55e34c,BV1A5vkB2E1k,【杨博文】Hey Mama六机位纯舞直拍丨15岁舞台统治者的诞生，四代主舞燃炸全场！,Kismet丨杨博文,259932025,2025-12-28 22:28:16,2206908,52200,39753,39215,5505,11270,17425,2,493,True
2026-03-02 20:38:29,https://www.bilibili.com/video/BV1A5vkB2E1k/?spm_id_from=333.1387.favlist.content.click&vd_source=406d0cf895bedbdc58a3d0130d55e34c,BV1A5vkB2E1k,【杨博文】Hey Mama六机位纯舞直拍丨15岁舞台统治者的诞生，四代主舞燃炸全场！,Kismet丨杨博文,259932025,2025-12-28 22:28:16,2207418,52205,39757,39219,5505,11270,17425,4,510,True
2026-03-02 21:38:35,https://www.bilibili.com/video/BV1A5vkB2E1k/?spm_id_from=333.1387.favlist.content.click&vd_source=406d0cf895bedbdc58a3d0130d55e34c,BV1A5vkB2E1k,【杨博文】Hey Mama六机位纯舞直拍丨15岁舞台统治者的诞生，四代主舞燃炸全场！,Kismet丨杨博文,259932025,2025-12-28 22:28:16,2207879,52211,39761,39225,5506,11270,17425,8,461,True
2026-03-02 22:10:39,https://www.bilibili.com/video/BV1A5vkB2E1k/?spm_id_from=333.1387.favlist.content.click&vd_source=406d0cf895bedbdc58a3d0130d55e34c,BV1A5vkB2E1k,【杨博文】Hey Mama六机位纯舞直拍丨15岁舞台统治者的诞生，四代主舞燃炸全场！,Kismet丨杨博文,259932025,2025-12-28 22:28:16,2208089,52214,39761,39226,5506,11270,17425,6,210,False
2026-03-02 22:21:52,https://www.bilibili.com/video/BV1A5vkB2E1k/?spm_id_from=333.1387.favlist.content.click&vd_source=406d0cf895bedbdc58a3d0130d55e34c,BV1A5vkB2E1k,【杨博文】Hey Mama六机位纯舞直拍丨15岁舞台统治者的诞生，四代主舞燃炸全场！,Kismet丨杨博文,259932025,2025-12-28 22:28:16,2208179,52215,39763,39226,5506,11271,17425,7,90,False
2026-03-02 23:22:05,https://www.bilibili.com/video/BV1A5vkB2E1k/?spm_id_from=333.1387.favlist.content.click&vd_source=406d0cf895bedbdc58a3d0130d55e34c,BV1A5vkB2E1k,【杨博文】Hey Mama六机位纯舞直拍丨15岁舞台统治者的诞生，四代主舞燃炸全场！,Kismet丨杨博文,259932025,2025-12-28 22:28:16,2208516,52222,39763,39227,5508,11277,17425,1,337,True
2026-03-02 00:36:21,https://www.bilibili.com/video/BV1M9ePzaELH/?spm_id_from=333.1387.favlist.content.click&vd_source=406d0cf895bedbdc58a3d0130d55e34c,BV1M9ePzaELH,「杨博文｜卡拉永远OK」突发舞台事故？我怎么没看见,Astra_杨博文,1006909645,2025-08-19 22:15:30,744483,13721,4261,9278,1135,600,488,1,0,False
2026-03-02 01:36:27,https://www.bilibili.com/video/BV1M9ePzaELH/?spm_id_from=333.1387.favlist.content.click&vd_source=406d0cf895bedbdc58a3d0130d55e34c,BV1M9ePzaELH,「杨博文｜卡拉永远OK」突发舞台事故？我怎么没看见,Astra_杨博文,1006909645,2025-08-19 22:15:30,744846,13722,4261,9280,1135,600,488,1,363,True
2026-03-02 02:36:34,https://www.bilibili.com/video/BV1M9ePzaELH/?spm_id_from=333.1387.favlist.content.click&vd_source=406d0cf895bedbdc58a3d0130d55e34c,BV1M9ePzaELH,「杨博文｜卡拉永远OK」突发舞台事故？我怎么没看见,Astra_杨博文,1006909645,2025-08-19 22:15:30,745261,13723,4261,9282,1135,600,488,2,415,True
2026-03-02 03:36:40,https://www.bilibili.com/video/BV1M9ePzaELH/?spm_id_from=333.1387.favlist.content.click&vd_source=406d0cf895bedbdc58a3d0130d55e34c,BV1M9ePzaELH,「杨博文｜卡拉永远OK」突发舞台事故？我怎么没看见,Astra_杨博文,1006909645,2025-08-19 22:15:30,745670,13723,4261,9282,1135,600,488,2,409,True
2026-03-02 04:36:46,https://www.bilibili.com/video/BV1M9ePzaELH/?spm_id_from=333.1387.favlist.content.click&vd_source=406d0cf895bedbdc58a3d0130d55e34c,BV1M9ePzaELH,「杨博文｜卡拉永远OK」突发舞台事故？我怎么没看见,Astra_杨博文,1006909645,2025-08-19 22:15:30,746083,13723,4261,9282,1135,600,488,1,413,True
2026-03-02 05:36:53,https://www.bilibili.com/video/BV1M9ePzaELH/?spm_id_from=333.1387.favlist.content.click&vd_source=406d0cf895bedbdc58a3d0130d55e34c,BV1M9ePzaELH,「杨博文｜卡拉永远OK」突发舞台事故？我怎么没看见,Astra_杨博文,1006909645,2025-08-19 22:15:30,746475,13723,4261,9282,1135,600,488,4,392,True
2026-03-02 06:36:59,https://www.bilibili.com/video/BV1M9ePzaELH/?spm_id_from=333.1387.favlist.content.click&vd_source=406d0cf895bedbdc58a3d0130d55e34c,BV1M9ePzaELH,「杨博文｜卡拉永远OK」突发舞台事故？我怎么没看见,Astra_杨博文,1006909645,2025-08-19 22:15:30,746847,13723,4261,9282,1135,600,488,2,372,True
2026-03-02 07:37:05,https://www.bilibili.com/video/BV1M9ePzaELH/?spm_id_from=333.1387.favlist.content.click&vd_source=406d0cf895bedbdc58a3d0130d55e34c,BV1M9ePzaELH,「杨博文｜卡拉永远OK」突发舞台事故？我怎么没看见,Astra_杨博文,1006909645,2025-08-19 22:15:30,747189,13723,4261,9282,1135,600,488,1,342,True
2026-03-02 08:37:12,https://www.bilibili.com/video/BV1M9ePzaELH/?spm_id_from=333.1387.favlist.content.click&vd_source=406d0cf895bedbdc58a3d0130d55e34c,BV1M9ePzaELH,「杨博文｜卡拉永远OK」突发舞台事故？我怎么没看见,Astra_杨博文,1006909645,2025-08-19 22:15:30,747544,13723,4261,9282,1135,600,488,1,355,True
2026-03-02 09:37:18,https://www.bilibili.com/video/BV1M9ePzaELH/?spm_id_from=333.1387.favlist.content.click&vd_source=406d0cf895bedbdc58a3d0130d55e34c,BV1M9ePzaELH,「杨博文｜卡拉永远OK」突发舞台事故？我怎么没看见,Astra_杨博文,1006909645,2025-08-19 22:15:30,747912,13723,4261,9282,1135,600,488,1,368,True
2026-03-02 10:37:25,https://www.bilibili.com/video/BV1M9ePzaELH/?spm_id_from=333.1387.favlist.content.click&vd_source=406d0cf895bedbdc58a3d0130d55e34c,BV1M9ePzaELH,「杨博文｜卡拉永远OK」突发舞台事故？我怎么没看见,Astra_杨博文,1006909645,2025-08-19 22:15:30,748261,13723,4261,9282,1135,600,488,1,349,True
2026-03-02 11:37:31,https://www.bilibili.com/video/BV1M9ePzaELH/?spm_id_from=333.1387.favlist.content.click&vd_source=406d0cf895bedbdc58a3d0130d55e34c,BV1M9ePzaELH,「杨博文｜卡拉永远OK」突发舞台事故？我怎么没看见,Astra_杨博文,1006909645,2025-08-19 22:15:30,748629,13724,4261,9281,1135,600,488,1,368,True
2026-03-02 12:37:37,https://www.bilibili.com/video/BV1M9ePzaELH/?spm_id_from=333.1387.favlist.content.click&vd_source=406d0cf895bedbdc58a3d0130d55e34c,BV1M9ePzaELH,「杨博文｜卡拉永远OK」突发舞台事故？我怎么没看见,Astra_杨博文,1006909645,2025-08-19 22:15:30,748973,13724,4261,9281,1135,600,488,1,344,True
2026-03-02 13:37:44,https://www.bilibili.com/video/BV1M9ePzaELH/?spm_id_from=333.1387.favlist.content.click&vd_source=406d0cf895bedbdc58a3d0130d55e34c,BV1M9ePzaELH,「杨博文｜卡拉永远OK」突发舞台事故？我怎么没看见,Astra_杨博文,1006909645,2025-08-19 22:15:30,749276,13724,4261,9282,1135,600,488,3,303,True
2026-03-02 14:37:50,https://www.bilibili.com/video/BV1M9ePzaELH/?spm_id_from=333.1387.favlist.content.click&vd_source=406d0cf895bedbdc58a3d0130d55e34c,BV1M9ePzaELH,「杨博文｜卡拉永远OK」突发舞台事故？我怎么没看见,Astra_杨博文,1006909645,2025-08-19 22:15:30,749616,13724,4261,9283,1135,600,488,4,340,True
2026-03-02 15:37:56,https://www.bilibili.com/video/BV1M9ePzaELH/?spm_id_from=333.1387.favlist.content.click&vd_source=406d0cf895bedbdc58a3d0130d55e34c,BV1M9ePzaELH,「杨博文｜卡拉永远OK」突发舞台事故？我怎么没看见,Astra_杨博文,1006909645,2025-08-19 22:15:30,749988,13725,4263,9284,1135,600,488,4,372,True
2026-03-02 16:38:03,https://www.bilibili.com/video/BV1M9ePzaELH/?spm_id_from=333.1387.favlist.content.click&vd_source=406d0cf895bedbdc58a3d0130d55e34c,BV1M9ePzaELH,「杨博文｜卡拉永远OK」突发舞台事故？我怎么没看见,Astra_杨博文,1006909645,2025-08-19 22:15:30,750394,13726,4263,9287,1135,600,488,1,406,True
2026-03-02 17:38:09,https://www.bilibili.com/video/BV1M9ePzaELH/?spm_id_from=333.1387.favlist.content.click&vd_source=406d0cf895bedbdc58a3d0130d55e34c,BV1M9ePzaELH,「杨博文｜卡拉永远OK」突发舞台事故？我怎么没看见,Astra_杨博文,1006909645,2025-08-19 22:15:30,750782,13726,4263,9288,1135,600,488,3,388,True
2026-03-02 18:38:16,https://www.bilibili.com/video/BV1M9ePzaELH/?spm_id_from=333.1387.favlist.content.click&vd_source=406d0cf895bedbdc58a3d0130d55e34c,BV1M9ePzaELH,「杨博文｜卡拉永远OK」突发舞台事故？我怎么没看见,Astra_杨博文,1006909645,2025-08-19 22:15:30,751163,13726,4263,9289,1135,600,488,3,381,True
2026-03-02 19:38:22,https://www.bilibili.com/video/BV1M9ePzaELH/?spm_id_from=333.1387.favlist.content.click&vd_source=406d0cf895bedbdc58a3d0130d55e34c,BV1M9ePzaELH,「杨博文｜卡拉永远OK」突发舞台事故？我怎么没看见,Astra_杨博文,1006909645,2025-08-19 22:15:30,751562,13726,4263,9289,1135,600,488,6,399,True
2026-03-02 20:38:29,https://www.bilibili.com/video/BV1M9ePzaELH/?spm_id_from=333.1387.favlist.content.click&vd_source=406d0cf895bedbdc58a3d0130d55e34c,BV1M9ePzaELH,「杨博文｜卡拉永远OK」突发舞台事故？我怎么没看见,Astra_杨博文,1006909645,2025-08-19 22:15:30,751978,13726,4263,9289,1135,600,488,3,416,True
2026-03-02 21:38:35,https://www.bilibili.com/video/BV1M9ePzaELH/?spm_id_from=333.1387.favlist.content.click&vd_source=406d0cf895bedbdc58a3d0130d55e34c,BV1M9ePzaELH,「杨博文｜卡拉永远OK」突发舞台事故？我怎么没看见,Astra_杨博文,1006909645,2025-08-19 22:15:30,752324,13727,4265,9293,1135,600,488,3,346,True
2026-03-02 22:10:39,https://www.bilibili.com/video/BV1M9ePzaELH/?spm_id_from=333.1387.favlist.content.click&vd_source=406d0cf895bedbdc58a3d0130d55e34c,BV1M9ePzaELH,「杨博文｜卡拉永远OK」突发舞台事故？我怎么没看见,Astra_杨博文,1006909645,2025-08-19 22:15:30,752492,13727,4265,9293,1135,600,488,4,168,False
2026-03-02 22:21:52,https://www.bilibili.com/video/BV1M9ePzaELH/?spm_id_from=333.1387.favlist.content.click&vd_source=406d0cf895bedbdc58a3d0130d55e34c,BV1M9ePzaELH,「杨博文｜卡拉永远OK」突发舞台事故？我怎么没看见,Astra_杨博文,1006909645,2025-08-19 22:15:30,752549,13727,4267,9293,1135,600,488,5,57,False
2026-03-02 23:22:05,https://www.bilibili.com/video/BV1M9ePzaELH/?spm_id_from=333.1387.favlist.content.click&vd_source=406d0cf895bedbdc58a3d0130d55e34c,BV1M9ePzaELH,「杨博文｜卡拉永远OK」突发舞台事故？我怎么没看见,Astra_杨博文,1006909645,2025-08-19 22:15:30,752796,13728,4267,9293,1136,600,488,2,247,False
2026-03-02 00:36:21,https://www.bilibili.com/video/BV1WjA6zyEiN/?spm_id_from=333.1387.favlist.content.click&vd_source=406d0cf895bedbdc58a3d0130d55e34c,BV1WjA6zyEiN,听视频防吞,爱磕糖的兔子Y,628963336,2026-02-26 20:14:24,22277,4,0,102,0,0,0,1,0,False
2026-03-02 01:36:27,https://www.bilibili.com/video/BV1WjA6zyEiN/?spm_id_from=333.1387.favlist.content.click&vd_source=406d0cf895bedbdc58a3d0130d55e34c,BV1WjA6zyEiN,听视频防吞,爱磕糖的兔子Y,628963336,2026-02-26 20:14:24,22621,4,0,106,0,0,0,1,344,True
2026-03-02 02:36:34,https://www.bilibili.com/video/BV1WjA6zyEiN/?spm_id_from=333.1387.favlist.content.click&vd_source=406d0cf895bedbdc58a3d0130d55e34c,BV1WjA6zyEiN,听视频防吞,爱磕糖的兔子Y,628963336,2026-02-26 20:14:24,23016,4,0,108,0,0,0,1,395,True
2026-03-02 03:36:40,https://www.bilibili.com/video/BV1WjA6zyEiN/?spm_id_from=333.1387.favlist.content.click&vd_source=406d0cf895bedbdc58a3d0130d55e34c,BV1WjA6zyEiN,听视频防吞,爱磕糖的兔子Y,628963336,2026-02-26 20:14:24,23403,4,0,108,0,0,0,1,387,True
2026-03-02 04:36:46,https://www.bilibili.com/video/BV1WjA6zyEiN/?spm_id_from=333.1387.favlist.content.click&vd_source=406d0cf895bedbdc58a3d0130d55e34c,BV1WjA6zyEiN,听视频防吞,爱磕糖的兔子Y,628963336,2026-02-26 20:14:24,23790,4,0,108,0,0,0,2,387,True
2026-03-02 05:36:53,https://www.bilibili.com/video/BV1WjA6zyEiN/?spm_id_from=333.1387.favlist.content.click&vd_source=406d0cf895bedbdc58a3d0130d55e34c,BV1WjA6zyEiN,听视频防吞,爱磕糖的兔子Y,628963336,2026-02-26 20:14:24,24142,4,0,108,0,0,0,1,352,True
2026-03-02 06:36:59,https://www.bilibili.com/video/BV1WjA6zyEiN/?spm_id_from=333.1387.favlist.content.click&vd_source=406d0cf895bedbdc58a3d0130d55e34c,BV1WjA6zyEiN,听视频防吞,爱磕糖的兔子Y,628963336,2026-02-26 20:14:24,24476,4,0,108,0,0,0,1,334,True
2026-03-02 07:37:05,https://www.bilibili.com/video/BV1WjA6zyEiN/?spm_id_from=333.1387.favlist.content.click&vd_source=406d0cf895bedbdc58a3d0130d55e34c,BV1WjA6zyEiN,听视频防吞,爱磕糖的兔子Y,628963336,2026-02-26 20:14:24,24798,4,0,108,0,0,0,1,322,True
2026-03-02 08:37:12,https://www.bilibili.com/video/BV1WjA6zyEiN/?spm_id_from=333.1387.favlist.content.click&vd_source=406d0cf895bedbdc58a3d0130d55e34c,BV1WjA6zyEiN,听视频防吞,爱磕糖的兔子Y,628963336,2026-02-26 20:14:24,25119,4,0,108,0,0,0,1,321,True
2026-03-02 09:37:18,https://www.bilibili.com/video/BV1WjA6zyEiN/?spm_id_from=333.1387.favlist.content.click&vd_source=406d0cf895bedbdc58a3d0130d55e34c,BV1WjA6zyEiN,听视频防吞,爱磕糖的兔子Y,628963336,2026-02-26 20:14:24,25451,4,0,108,0,0,0,1,332,True
2026-03-02 10:37:25,https://www.bilibili.com/video/BV1WjA6zyEiN/?spm_id_from=333.1387.favlist.content.click&vd_source=406d0cf895bedbdc58a3d0130d55e34c,BV1WjA6zyEiN,听视频防吞,爱磕糖的兔子Y,628963336,2026-02-26 20:14:24,25759,4,0,108,0,0,0,1,308,True
2026-03-02 11:37:31,https://www.bilibili.com/video/BV1WjA6zyEiN/?spm_id_from=333.1387.favlist.content.click&vd_source=406d0cf895bedbdc58a3d0130d55e34c,BV1WjA6zyEiN,听视频防吞,爱磕糖的兔子Y,628963336,2026-02-26 20:14:24,26092,4,0,108,0,0,0,1,333,True
2026-03-02 12:37:37,https://www.bilibili.com/video/BV1WjA6zyEiN/?spm_id_from=333.1387.favlist.content.click&vd_source=406d0cf895bedbdc58a3d0130d55e34c,BV1WjA6zyEiN,听视频防吞,爱磕糖的兔子Y,628963336,2026-02-26 20:14:24,26400,4,0,107,0,0,0,1,308,True
2026-03-02 13:37:44,https://www.bilibili.com/video/BV1WjA6zyEiN/?spm_id_from=333.1387.favlist.content.click&vd_source=406d0cf895bedbdc58a3d0130d55e34c,BV1WjA6zyEiN,听视频防吞,爱磕糖的兔子Y,628963336,2026-02-26 20:14:24,26684,4,0,109,0,0,0,1,284,False
2026-03-02 14:37:50,https://www.bilibili.com/video/BV1WjA6zyEiN/?spm_id_from=333.1387.favlist.content.click&vd_source=406d0cf895bedbdc58a3d0130d55e34c,BV1WjA6zyEiN,听视频防吞,爱磕糖的兔子Y,628963336,2026-02-26 20:14:24,27022,4,0,110,0,0,0,1,338,True
2026-03-02 15:37:56,https://www.bilibili.com/video/BV1WjA6zyEiN/?spm_id_from=333.1387.favlist.content.click&vd_source=406d0cf895bedbdc58a3d0130d55e34c,BV1WjA6zyEiN,听视频防吞,爱磕糖的兔子Y,628963336,2026-02-26 20:14:24,27379,5,0,112,0,0,0,1,357,True
2026-03-02 16:38:03,https://www.bilibili.com/video/BV1WjA6zyEiN/?spm_id_from=333.1387.favlist.content.click&vd_source=406d0cf895bedbdc58a3d0130d55e34c,BV1WjA6zyEiN,听视频防吞,爱磕糖的兔子Y,628963336,2026-02-26 20:14:24,27742,5,0,113,0,0,0,2,363,True
2026-03-02 17:38:09,https://www.bilibili.com/video/BV1WjA6zyEiN/?spm_id_from=333.1387.favlist.content.click&vd_source=406d0cf895bedbdc58a3d0130d55e34c,BV1WjA6zyEiN,听视频防吞,爱磕糖的兔子Y,628963336,2026-02-26 20:14:24,28075,5,0,115,0,0,0,1,333,True
2026-03-02 18:38:16,https://www.bilibili.com/video/BV1WjA6zyEiN/?spm_id_from=333.1387.favlist.content.click&vd_source=406d0cf895bedbdc58a3d0130d55e34c,BV1WjA6zyEiN,听视频防吞,爱磕糖的兔子Y,628963336,2026-02-26 20:14:24,28392,5,0,115,0,0,0,1,317,True
2026-03-02 19:38:22,https://www.bilibili.com/video/BV1WjA6zyEiN/?spm_id_from=333.1387.favlist.content.click&vd_source=406d0cf895bedbdc58a3d0130d55e34c,BV1WjA6zyEiN,听视频防吞,爱磕糖的兔子Y,628963336,2026-02-26 20:14:24,28736,5,0,115,0,0,0,1,344,True
2026-03-02 20:38:29,https://www.bilibili.com/video/BV1WjA6zyEiN/?spm_id_from=333.1387.favlist.content.click&vd_source=406d0cf895bedbdc58a3d0130d55e34c,BV1WjA6zyEiN,听视频防吞,爱磕糖的兔子Y,628963336,2026-02-26 20:14:24,29077,5,0,115,0,0,0,1,341,True
2026-03-02 21:38:35,https://www.bilibili.com/video/BV1WjA6zyEiN/?spm_id_from=333.1387.favlist.content.click&vd_source=406d0cf895bedbdc58a3d0130d55e34c,BV1WjA6zyEiN,听视频防吞,爱磕糖的兔子Y,628963336,2026-02-26 20:14:24,29398,5,0,119,0,0,0,1,321,True
2026-03-02 22:10:39,https://www.bilibili.com/video/BV1WjA6zyEiN/?spm_id_from=333.1387.favlist.content.click&vd_source=406d0cf895bedbdc58a3d0130d55e34c,BV1WjA6zyEiN,听视频防吞,爱磕糖的兔子Y,628963336,2026-02-26 20:14:24,29555,5,0,119,0,0,0,1,157,False
2026-03-02 22:21:52,https://www.bilibili.com/video/BV1WjA6zyEiN/?spm_id_from=333.1387.favlist.content.click&vd_source=406d0cf895bedbdc58a3d0130d55e34c,BV1WjA6zyEiN,听视频防吞,爱磕糖的兔子Y,628963336,2026-02-26 20:14:24,29610,5,0,120,0,0,0,1,55,False
2026-03-02 23:22:05,https://www.bilibili.com/video/BV1WjA6zyEiN/?spm_id_from=333.1387.favlist.content.click&vd_source=406d0cf895bedbdc58a3d0130d55e34c,BV1WjA6zyEiN,听视频防吞,爱磕糖的兔子Y,628963336,2026-02-26 20:14:24,29859,5,0,122,0,0,0,1,249,False
2026-03-02 00:36:21,https://www.bilibili.com/video/BV1EGBCBmEo8/?spm_id_from=333.1387.favlist.content.click&vd_source=406d0cf895bedbdc58a3d0130d55e34c,BV1EGBCBmEo8,【杨博文｜4K高清直拍】魅魔级别的《Manta》舞台，看博文如何一yeah封神,关键时刻来瓶尖叫,2142251174,2025-12-27 23:15:44,659903,11265,8987,9529,597,905,2270,1,0,False
2026-03-02 01:36:27,https://www.bilibili.com/video/BV1EGBCBmEo8/?spm_id_from=333.1387.favlist.content.click&vd_source=406d0cf895bedbdc58a3d0130d55e34c,BV1EGBCBmEo8,【杨博文｜4K高清直拍】魅魔级别的《Manta》舞台，看博文如何一yeah封神,关键时刻来瓶尖叫,2142251174,2025-12-27 23:15:44,660246,11266,8988,9530,597,905,2270,1,343,True
2026-03-02 02:36:34,https://www.bilibili.com/video/BV1EGBCBmEo8/?spm_id_from=333.1387.favlist.content.click&vd_source=406d0cf895bedbdc58a3d0130d55e34c,BV1EGBCBmEo8,【杨博文｜4K高清直拍】魅魔级别的《Manta》舞台，看博文如何一yeah封神,关键时刻来瓶尖叫,2142251174,2025-12-27 23:15:44,660652,11267,8988,9532,597,905,2270,1,406,True
2026-03-02 03:36:40,https://www.bilibili.com/video/BV1EGBCBmEo8/?spm_id_from=333.1387.favlist.content.click&vd_source=406d0cf895bedbdc58a3d0130d55e34c,BV1EGBCBmEo8,【杨博文｜4K高清直拍】魅魔级别的《Manta》舞台，看博文如何一yeah封神,关键时刻来瓶尖叫,2142251174,2025-12-27 23:15:44,661045,11267,8988,9532,597,905,2270,1,393,True
2026-03-02 04:36:46,https://www.bilibili.com/video/BV1EGBCBmEo8/?spm_id_from=333.1387.favlist.content.click&vd_source=406d0cf895bedbdc58a3d0130d55e34c,BV1EGBCBmEo8,【杨博文｜4K高清直拍】魅魔级别的《Manta》舞台，看博文如何一yeah封神,关键时刻来瓶尖叫,2142251174,2025-12-27 23:15:44,661444,11267,8988,9532,597,905,2270,1,399,True
2026-03-02 05:36:53,https://www.bilibili.com/video/BV1EGBCBmEo8/?spm_id_from=333.1387.favlist.content.click&vd_source=406d0cf895bedbdc58a3d0130d55e34c,BV1EGBCBmEo8,【杨博文｜4K高清直拍】魅魔级别的《Manta》舞台，看博文如何一yeah封神,关键时刻来瓶尖叫,2142251174,2025-12-27 23:15:44,661829,11267,8988,9531,597,905,2270,1,385,True
2026-03-02 06:36:59,https://www.bilibili.com/video/BV1EGBCBmEo8/?spm_id_from=333.1387.favlist.content.click&vd_source=406d0cf895bedbdc58a3d0130d55e34c,BV1EGBCBmEo8,【杨博文｜4K高清直拍】魅魔级别的《Manta》舞台，看博文如何一yeah封神,关键时刻来瓶尖叫,2142251174,2025-12-27 23:15:44,662184,11267,8988,9531,597,905,2270,1,355,True
2026-03-02 07:37:05,https://www.bilibili.com/video/BV1EGBCBmEo8/?spm_id_from=333.1387.favlist.content.click&vd_source=406d0cf895bedbdc58a3d0130d55e34c,BV1EGBCBmEo8,【杨博文｜4K高清直拍】魅魔级别的《Manta》舞台，看博文如何一yeah封神,关键时刻来瓶尖叫,2142251174,2025-12-27 23:15:44,662508,11267,8988,9531,597,905,2270,1,324,True
2026-03-02 08:37:12,https://www.bilibili.com/video/BV1EGBCBmEo8/?spm_id_from=333.1387.favlist.content.click&vd_source=406d0cf895bedbdc58a3d0130d55e34c,BV1EGBCBmEo8,【杨博文｜4K高清直拍】魅魔级别的《Manta》舞台，看博文如何一yeah封神,关键时刻来瓶尖叫,2142251174,2025-12-27 23:15:44,662835,11267,8988,9531,597,905,2270,1,327,True
2026-03-02 09:37:18,https://www.bilibili.com/video/BV1EGBCBmEo8/?spm_id_from=333.1387.favlist.content.click&vd_source=406d0cf895bedbdc58a3d0130d55e34c,BV1EGBCBmEo8,【杨博文｜4K高清直拍】魅魔级别的《Manta》舞台，看博文如何一yeah封神,关键时刻来瓶尖叫,2142251174,2025-12-27 23:15:44,663181,11267,8988,9531,597,905,2270,1,346,True
2026-03-02 10:37:25,https://www.bilibili.com/video/BV1EGBCBmEo8/?spm_id_from=333.1387.favlist.content.click&vd_source=406d0cf895bedbdc58a3d0130d55e34c,BV1EGBCBmEo8,【杨博文｜4K高清直拍】魅魔级别的《Manta》舞台，看博文如何一yeah封神,关键时刻来瓶尖叫,2142251174,2025-12-27 23:15:44,663509,11267,8988,9531,597,905,2270,1,328,True
2026-03-02 11:37:31,https://www.bilibili.com/video/BV1EGBCBmEo8/?spm_id_from=333.1387.favlist.content.click&vd_source=406d0cf895bedbdc58a3d0130d55e34c,BV1EGBCBmEo8,【杨博文｜4K高清直拍】魅魔级别的《Manta》舞台，看博文如何一yeah封神,关键时刻来瓶尖叫,2142251174,2025-12-27 23:15:44,663826,11267,8988,9531,597,905,2270,1,317,True
2026-03-02 12:37:37,https://www.bilibili.com/video/BV1EGBCBmEo8/?spm_id_from=333.1387.favlist.content.click&vd_source=406d0cf895bedbdc58a3d0130d55e34c,BV1EGBCBmEo8,【杨博文｜4K高清直拍】魅魔级别的《Manta》舞台，看博文如何一yeah封神,关键时刻来瓶尖叫,2142251174,2025-12-27 23:15:44,664124,11267,8988,9531,597,905,2270,1,298,False
2026-03-02 13:37:44,https://www.bilibili.com/video/BV1EGBCBmEo8/?spm_id_from=333.1387.favlist.content.click&vd_source=406d0cf895bedbdc58a3d0130d55e34c,BV1EGBCBmEo8,【杨博文｜4K高清直拍】魅魔级别的《Manta》舞台，看博文如何一yeah封神,关键时刻来瓶尖叫,2142251174,2025-12-27 23:15:44,664397,11268,8988,9532,597,905,2270,1,273,False
2026-03-02 14:37:50,https://www.bilibili.com/video/BV1EGBCBmEo8/?spm_id_from=333.1387.favlist.content.click&vd_source=406d0cf895bedbdc58a3d0130d55e34c,BV1EGBCBmEo8,【杨博文｜4K高清直拍】魅魔级别的《Manta》舞台，看博文如何一yeah封神,关键时刻来瓶尖叫,2142251174,2025-12-27 23:15:44,664692,11268,8988,9533,597,905,2270,1,295,False
2026-03-02 15:37:56,https://www.bilibili.com/video/BV1EGBCBmEo8/?spm_id_from=333.1387.favlist.content.click&vd_source=406d0cf895bedbdc58a3d0130d55e34c,BV1EGBCBmEo8,【杨博文｜4K高清直拍】魅魔级别的《Manta》舞台，看博文如何一yeah封神,关键时刻来瓶尖叫,2142251174,2025-12-27 23:15:44,665030,11268,8988,9533,597,905,2270,2,338,True
2026-03-02 16:38:03,https://www.bilibili.com/video/BV1EGBCBmEo8/?spm_id_from=333.1387.favlist.content.click&vd_source=406d0cf895bedbdc58a3d0130d55e34c,BV1EGBCBmEo8,【杨博文｜4K高清直拍】魅魔级别的《Manta》舞台，看博文如何一yeah封神,关键时刻来瓶尖叫,2142251174,2025-12-27 23:15:44,665376,11269,8988,9535,597,905,2270,1,346,True
2026-03-02 17:38:09,https://www.bilibili.com/video/BV1EGBCBmEo8/?spm_id_from=333.1387.favlist.content.click&vd_source=406d0cf895bedbdc58a3d0130d55e34c,BV1EGBCBmEo8,【杨博文｜4K高清直拍】魅魔级别的《Manta》舞台，看博文如何一yeah封神,关键时刻来瓶尖叫,2142251174,2025-12-27 23:15:44,665677,11269,8988,9536,597,905,2270,3,301,True
2026-03-02 18:38:16,https://www.bilibili.com/video/BV1EGBCBmEo8/?spm_id_from=333.1387.favlist.content.click&vd_source=406d0cf895bedbdc58a3d0130d55e34c,BV1EGBCBmEo8,【杨博文｜4K高清直拍】魅魔级别的《Manta》舞台，看博文如何一yeah封神,关键时刻来瓶尖叫,2142251174,2025-12-27 23:15:44,665978,11270,8990,9535,597,905,2270,2,301,True
2026-03-02 19:38:22,https://www.bilibili.com/video/BV1EGBCBmEo8/?spm_id_from=333.1387.favlist.content.click&vd_source=406d0cf895bedbdc58a3d0130d55e34c,BV1EGBCBmEo8,【杨博文｜4K高清直拍】魅魔级别的《Manta》舞台，看博文如何一yeah封神,关键时刻来瓶尖叫,2142251174,2025-12-27 23:15:44,666309,11270,8990,9535,597,905,2270,2,331,True
2026-03-02 20:38:29,https://www.bilibili.com/video/BV1EGBCBmEo8/?spm_id_from=333.1387.favlist.content.click&vd_source=406d0cf895bedbdc58a3d0130d55e34c,BV1EGBCBmEo8,【杨博文｜4K高清直拍】魅魔级别的《Manta》舞台，看博文如何一yeah封神,关键时刻来瓶尖叫,2142251174,2025-12-27 23:15:44,666671,11270,8990,9535,597,905,2270,2,362,True
2026-03-02 21:38:35,https://www.bilibili.com/video/BV1EGBCBmEo8/?spm_id_from=333.1387.favlist.content.click&vd_source=406d0cf895bedbdc58a3d0130d55e34c,BV1EGBCBmEo8,【杨博文｜4K高清直拍】魅魔级别的《Manta》舞台，看博文如何一yeah封神,关键时刻来瓶尖叫,2142251174,2025-12-27 23:15:44,667001,11270,8990,9539,597,905,2270,3,330,True
2026-03-02 22:10:39,https://www.bilibili.com/video/BV1EGBCBmEo8/?spm_id_from=333.1387.favlist.content.click&vd_source=406d0cf895bedbdc58a3d0130d55e34c,BV1EGBCBmEo8,【杨博文｜4K高清直拍】魅魔级别的《Manta》舞台，看博文如何一yeah封神,关键时刻来瓶尖叫,2142251174,2025-12-27 23:15:44,667148,11270,8990,9539,597,905,2270,1,147,False
2026-03-02 22:21:52,https://www.bilibili.com/video/BV1EGBCBmEo8/?spm_id_from=333.1387.favlist.content.click&vd_source=406d0cf895bedbdc58a3d0130d55e34c,BV1EGBCBmEo8,【杨博文｜4K高清直拍】魅魔级别的《Manta》舞台，看博文如何一yeah封神,关键时刻来瓶尖叫,2142251174,2025-12-27 23:15:44,667205,11271,8992,9540,599,905,2270,1,57,False
2026-03-02 23:22:05,https://www.bilibili.com/video/BV1EGBCBmEo8/?spm_id_from=333.1387.favlist.content.click&vd_source=406d0cf895bedbdc58a3d0130d55e34c,BV1EGBCBmEo8,【杨博文｜4K高清直拍】魅魔级别的《Manta》舞台，看博文如何一yeah封神,关键时刻来瓶尖叫,2142251174,2025-12-27 23:15:44,667451,11271,8992,9541,599,905,2270,1,246,False
2026-03-02 22:10:39,https://www.bilibili.com/video/BV1YX64BAEjd/?spm_id_from=333.1387.favlist.content.click&vd_source=406d0cf895bedbdc58a3d0130d55e34c,BV1YX64BAEjd,【闭嘴跳舞｜张函瑞】双机位4K精剪直拍,Karmaismycat,3546943494031804,2026-02-01 17:32:47,520731,28751,24342,23481,1638,1186,5310,13,0,False
2026-03-02 22:21:52,https://www.bilibili.com/video/BV1YX64BAEjd/?spm_id_from=333.1387.favlist.content.click&vd_source=406d0cf895bedbdc58a3d0130d55e34c,BV1YX64BAEjd,【闭嘴跳舞｜张函瑞】双机位4K精剪直拍,Karmaismycat,3546943494031804,2026-02-01 17:32:47,520744,28752,24344,23481,1638,1186,5310,13,13,False
2026-03-02 23:22:05,https://www.bilibili.com/video/BV1YX64BAEjd/?spm_id_from=333.1387.favlist.content.click&vd_source=406d0cf895bedbdc58a3d0130d55e34c,BV1YX64BAEjd,【闭嘴跳舞｜张函瑞】双机位4K精剪直拍,Karmaismycat,3546943494031804,2026-02-01 17:32:47,520845,28758,24346,23482,1640,1186,5311,10,101,False
2026-03-02 22:10:39,https://www.bilibili.com/video/BV1fxtbzKESN/?spm_id_from=333.1387.favlist.content.click&vd_source=406d0cf895bedbdc58a3d0130d55e34c,BV1fxtbzKESN,【张函瑞】雨爱双机位4K精剪横屏直拍 新舞台神仙嗓音 百万直拍预定💘开口即跪的纯欲少年音,秋日信函_张函瑞,1643739345,2025-08-09 19:11:18,602299,12856,10471,11997,866,1058,4602,1,0,False
2026-03-02 22:21:52,https://www.bilibili.com/video/BV1fxtbzKESN/?spm_id_from=333.1387.favlist.content.click&vd_source=406d0cf895bedbdc58a3d0130d55e34c,BV1fxtbzKESN,【张函瑞】雨爱双机位4K精剪横屏直拍 新舞台神仙嗓音 百万直拍预定💘开口即跪的纯欲少年音,秋日信函_张函瑞,1643739345,2025-08-09 19:11:18,602299,12856,10471,11997,866,1058,4602,1,0,False
2026-03-02 23:22:05,https://www.bilibili.com/video/BV1fxtbzKESN/?spm_id_from=333.1387.favlist.content.click&vd_source=406d0cf895bedbdc58a3d0130d55e34c,BV1fxtbzKESN,【张函瑞】雨爱双机位4K精剪横屏直拍 新舞台神仙嗓音 百万直拍预定💘开口即跪的纯欲少年音,秋日信函_张函瑞,1643739345,2025-08-09 19:11:18,602309,12857,10471,11998,866,1058,4602,1,10,False
2026-03-02 22:10:39,https://www.bilibili.com/video/BV11Btaz9ERL/?spm_id_from=333.1387.favlist.content.click&vd_source=406d0cf895bedbdc58a3d0130d55e34c,BV11Btaz9ERL,【Lucifer｜张函瑞】四代最强表管翻跳SM神曲，完全移不开视线！TF家族四代公演张函瑞4K精剪直拍,Karmaismycat,3546943494031804,2025-08-10 04:18:11,800652,27107,20874,20422,2253,1747,12063,1,0,False
2026-03-02 22:21:52,https://www.bilibili.com/video/BV11Btaz9ERL/?spm_id_from=333.1387.favlist.content.click&vd_source=406d0cf895bedbdc58a3d0130d55e34c,BV11Btaz9ERL,【Lucifer｜张函瑞】四代最强表管翻跳SM神曲，完全移不开视线！TF家族四代公演张函瑞4K精剪直拍,Karmaismycat,3546943494031804,2025-08-10 04:18:11,800659,27108,20877,20425,2253,1747,12064,1,7,False
2026-03-02 23:22:05,https://www.bilibili.com/video/BV11Btaz9ERL/?spm_id_from=333.1387.favlist.content.click&vd_source=406d0cf895bedbdc58a3d0130d55e34c,BV11Btaz9ERL,【Lucifer｜张函瑞】四代最强表管翻跳SM神曲，完全移不开视线！TF家族四代公演张函瑞4K精剪直拍,Karmaismycat,3546943494031804,2025-08-10 04:18:11,800699,27110,20881,20425,2253,1747,12064,2,40,False
2026-03-02 22:10:39,https://www.bilibili.com/video/BV1234y1Z7CX/?spm_id_from=333.1387.favlist.content.click&vd_source=406d0cf895bedbdc58a3d0130d55e34c,BV1234y1Z7CX,【TF 家族练习生】 「2023新年音乐会——瞬间」《光亮》纯享版,TF家族,3670216,2023-01-26 15:10:23,1576043,69645,35479,43249,38084,6553,15454,7,0,False
2026-03-02 22:21:52,https://www.bilibili.com/video/BV1234y1Z7CX/?spm_id_from=333.1387.favlist.content.click&vd_source=406d0cf895bedbdc58a3d0130d55e34c,BV1234y1Z7CX,【TF 家族练习生】 「2023新年音乐会——瞬间」《光亮》纯享版,TF家族,3670216,2023-01-26 15:10:23,1576063,69645,35479,43249,38085,6553,15454,7,20,False
2026-03-02 23:22:05,https://www.bilibili.com/video/BV1234y1Z7CX/?spm_id_from=333.1387.favlist.content.click&vd_source=406d0cf895bedbdc58a3d0130d55e34c,BV1234y1Z7CX,【TF 家族练习生】 「2023新年音乐会——瞬间」《光亮》纯享版,TF家族,3670216,2023-01-26 15:10:23,1576173,69651,35481,43252,38086,6553,15454,6,110,False
2026-03-02 22:10:39,https://www.bilibili.com/video/BV1fV62BhE6c/?spm_id_from=333.1387.favlist.content.click&vd_source=406d0cf895bedbdc58a3d0130d55e34c,BV1fV62BhE6c,空翻！少侠好身手！张桂源《竹林深处》直拍,序言丨张桂源,703106231,2026-01-31 16:56:24,818796,17233,12998,15504,2006,2154,8686,5,0,False
2026-03-02 22:21:52,https://www.bilibili.com/video/BV1fV62BhE6c/?spm_id_from=333.1387.favlist.content.click&vd_source=406d0cf895bedbdc58a3d0130d55e34c,BV1fV62BhE6c,空翻！少侠好身手！张桂源《竹林深处》直拍,序言丨张桂源,703106231,2026-01-31 16:56:24,818805,17233,12998,15504,2006,2154,8686,7,9,False
2026-03-02 23:22:05,https://www.bilibili.com/video/BV1fV62BhE6c/?spm_id_from=333.1387.favlist.content.click&vd_source=406d0cf895bedbdc58a3d0130d55e34c,BV1fV62BhE6c,空翻！少侠好身手！张桂源《竹林深处》直拍,序言丨张桂源,703106231,2026-01-31 16:56:24,818838,17233,12998,15504,2007,2154,8688,5,33,False
2026-03-02 22:10:39,https://www.bilibili.com/video/BV1bNtbzSE8X/?spm_id_from=333.1387.favlist.content.click&vd_source=406d0cf895bedbdc58a3d0130d55e34c,BV1bNtbzSE8X,你没见过的Deja Vu直拍丨舞台魅力大爆发丨张桂源,序言丨张桂源,703106231,2025-08-09 18:36:44,990190,19195,12027,19949,1497,2222,10192,4,0,False
2026-03-02 22:21:52,https://www.bilibili.com/video/BV1bNtbzSE8X/?spm_id_from=333.1387.favlist.content.click&vd_source=406d0cf895bedbdc58a3d0130d55e34c,BV1bNtbzSE8X,你没见过的Deja Vu直拍丨舞台魅力大爆发丨张桂源,序言丨张桂源,703106231,2025-08-09 18:36:44,990201,19195,12027,19949,1497,2222,10192,3,11,False
2026-03-02 23:22:05,https://www.bilibili.com/video/BV1bNtbzSE8X/?spm_id_from=333.1387.favlist.content.click&vd_source=406d0cf895bedbdc58a3d0130d55e34c,BV1bNtbzSE8X,你没见过的Deja Vu直拍丨舞台魅力大爆发丨张桂源,序言丨张桂源,703106231,2025-08-09 18:36:44,990251,19198,12027,19951,1497,2222,10194,2,50,False
2026-03-02 22:10:39,https://www.bilibili.com/video/BV1qiBkBGEoj/?spm_id_from=333.1387.favlist.content.click&vd_source=406d0cf895bedbdc58a3d0130d55e34c,BV1qiBkBGEoj,【张桂源】On 4k四机位横屏直拍 / TF家族新年音乐会「荣耀」,WISH0511_张桂源,494070671,2025-12-27 16:42:34,908096,13117,9297,11253,1020,1065,3159,6,0,False
2026-03-02 22:21:52,https://www.bilibili.com/video/BV1qiBkBGEoj/?spm_id_from=333.1387.favlist.content.click&vd_source=406d0cf895bedbdc58a3d0130d55e34c,BV1qiBkBGEoj,【张桂源】On 4k四机位横屏直拍 / TF家族新年音乐会「荣耀」,WISH0511_张桂源,494070671,2025-12-27 16:42:34,908107,13118,9297,11254,1020,1065,3159,8,11,False
2026-03-02 23:22:05,https://www.bilibili.com/video/BV1qiBkBGEoj/?spm_id_from=333.1387.favlist.content.click&vd_source=406d0cf895bedbdc58a3d0130d55e34c,BV1qiBkBGEoj,【张桂源】On 4k四机位横屏直拍 / TF家族新年音乐会「荣耀」,WISH0511_张桂源,494070671,2025-12-27 16:42:34,908140,13119,9297,11255,1020,1066,3160,5,33,False
2026-03-02 22:10:39,https://www.bilibili.com/video/BV1iy64BBEqf/?spm_id_from=333.1387.favlist.content.click&vd_source=406d0cf895bedbdc58a3d0130d55e34c,BV1iy64BBEqf,进来倾听治愈系萌物唱Everything will beok 陈奕恒《拍拍灰》4K四机位直拍,你听得到0509,29947812,2026-02-01 17:03:08,495124,14056,9848,16028,931,502,3488,1,0,False
2026-03-02 22:21:52,https://www.bilibili.com/video/BV1iy64BBEqf/?spm_id_from=333.1387.favlist.content.click&vd_source=406d0cf895bedbdc58a3d0130d55e34c,BV1iy64BBEqf,进来倾听治愈系萌物唱Everything will beok 陈奕恒《拍拍灰》4K四机位直拍,你听得到0509,29947812,2026-02-01 17:03:08,495125,14056,9848,16028,931,502,3488,2,1,False
2026-03-02 23:22:05,https://www.bilibili.com/video/BV1iy64BBEqf/?spm_id_from=333.1387.favlist.content.click&vd_source=406d0cf895bedbdc58a3d0130d55e34c,BV1iy64BBEqf,进来倾听治愈系萌物唱Everything will beok 陈奕恒《拍拍灰》4K四机位直拍,你听得到0509,29947812,2026-02-01 17:03:08,495135,14057,9848,16029,931,502,3488,2,10,False
2026-03-02 22:10:39,https://www.bilibili.com/video/BV1ao64B8Ewp/?spm_id_from=333.1387.favlist.content.click&vd_source=406d0cf895bedbdc58a3d0130d55e34c,BV1ao64B8Ewp,【陈奕恒直拍】Attention!!红衣战神再度来袭!!此男又轻轻一跳魅惑全场了《闭嘴跳舞》4k四机位focus,前夜丨陈奕恒,3546741399881763,2026-02-01 17:36:32,546624,19074,11826,18997,1507,755,5077,10,0,False
2026-03-02 22:21:52,https://www.bilibili.com/video/BV1ao64B8Ewp/?spm_id_from=333.1387.favlist.content.click&vd_source=406d0cf895bedbdc58a3d0130d55e34c,BV1ao64B8Ewp,【陈奕恒直拍】Attention!!红衣战神再度来袭!!此男又轻轻一跳魅惑全场了《闭嘴跳舞》4k四机位focus,前夜丨陈奕恒,3546741399881763,2026-02-01 17:36:32,546643,19074,11826,18997,1507,755,5077,9,19,False
2026-03-02 23:22:05,https://www.bilibili.com/video/BV1ao64B8Ewp/?spm_id_from=333.1387.favlist.content.click&vd_source=406d0cf895bedbdc58a3d0130d55e34c,BV1ao64B8Ewp,【陈奕恒直拍】Attention!!红衣战神再度来袭!!此男又轻轻一跳魅惑全场了《闭嘴跳舞》4k四机位focus,前夜丨陈奕恒,3546741399881763,2026-02-01 17:36:32,546738,19078,11832,18997,1507,755,5077,10,95,False
2026-03-02 22:10:39,https://www.bilibili.com/video/BV1iF61BHE8w/?spm_id_from=333.1387.favlist.content.click&vd_source=406d0cf895bedbdc58a3d0130d55e34c,BV1iF61BHE8w,【陈奕恒直拍】Just感受!!唇环180男神魅惑来袭《希区考克》4k三机位focus,前夜丨陈奕恒,3546741399881763,2026-01-31 20:30:48,494045,12440,9346,14307,993,540,3178,3,0,False
2026-03-02 22:21:52,https://www.bilibili.com/video/BV1iF61BHE8w/?spm_id_from=333.1387.favlist.content.click&vd_source=406d0cf895bedbdc58a3d0130d55e34c,BV1iF61BHE8w,【陈奕恒直拍】Just感受!!唇环180男神魅惑来袭《希区考克》4k三机位focus,前夜丨陈奕恒,3546741399881763,2026-01-31 20:30:48,494047,12440,9346,14307,993,540,3178,2,2,False
2026-03-02 23:22:05,https://www.bilibili.com/video/BV1iF61BHE8w/?spm_id_from=333.1387.favlist.content.click&vd_source=406d0cf895bedbdc58a3d0130d55e34c,BV1iF61BHE8w,【陈奕恒直拍】Just感受!!唇环180男神魅惑来袭《希区考克》4k三机位focus,前夜丨陈奕恒,3546741399881763,2026-01-31 20:30:48,494057,12442,9346,14309,993,540,3178,3,10,False
2026-03-02 22:10:39,https://www.bilibili.com/video/BV1EQ6yBoEEP/?spm_id_from=333.1387.favlist.content.click&vd_source=406d0cf895bedbdc58a3d0130d55e34c,BV1EQ6yBoEEP,王橹杰｜借过一下｜4k直拍双机位｜月光仙子,OOSAN丨王橹杰,3690989432604729,2026-01-31 20:26:21,827908,14475,15432,16342,3557,1736,6516,14,0,False
2026-03-02 22:21:52,https://www.bilibili.com/video/BV1EQ6yBoEEP/?spm_id_from=333.1387.favlist.content.click&vd_source=406d0cf895bedbdc58a3d0130d55e34c,BV1EQ6yBoEEP,王橹杰｜借过一下｜4k直拍双机位｜月光仙子,OOSAN丨王橹杰,3690989432604729,2026-01-31 20:26:21,827914,14475,15432,16342,3557,1736,6516,20,6,False
2026-03-02 23:22:05,https://www.bilibili.com/video/BV1EQ6yBoEEP/?spm_id_from=333.1387.favlist.content.click&vd_source=406d0cf895bedbdc58a3d0130d55e34c,BV1EQ6yBoEEP,王橹杰｜借过一下｜4k直拍双机位｜月光仙子,OOSAN丨王橹杰,3690989432604729,2026-01-31 20:26:21,827932,14475,15432,16343,3557,1736,6516,14,18,False
2026-03-02 22:10:39,https://www.bilibili.com/video/BV1bm6nBGE12/?spm_id_from=333.1387.favlist.content.click&vd_source=406d0cf895bedbdc58a3d0130d55e34c,BV1bm6nBGE12,【王橹杰FOCUS | 4K直拍】lovely,Morpheus秩序外_王橹杰,3632310920415710,2026-01-31 22:31:24,920134,25719,23324,23351,4206,2057,9879,9,0,False
2026-03-02 22:21:52,https://www.bilibili.com/video/BV1bm6nBGE12/?spm_id_from=333.1387.favlist.content.click&vd_source=406d0cf895bedbdc58a3d0130d55e34c,BV1bm6nBGE12,【王橹杰FOCUS | 4K直拍】lovely,Morpheus秩序外_王橹杰,3632310920415710,2026-01-31 22:31:24,920145,25719,23324,23351,4206,2057,9879,9,11,False
2026-03-02 23:22:05,https://www.bilibili.com/video/BV1bm6nBGE12/?spm_id_from=333.1387.favlist.content.click&vd_source=406d0cf895bedbdc58a3d0130d55e34c,BV1bm6nBGE12,【王橹杰FOCUS | 4K直拍】lovely,Morpheus秩序外_王橹杰,3632310920415710,2026-01-31 22:31:24,920200,25721,23324,23352,4206,2057,9879,6,55,False
2026-03-02 22:10:39,https://www.bilibili.com/video/BV1nM6WBiEQs/?spm_id_from=333.1387.favlist.content.click&vd_source=406d0cf895bedbdc58a3d0130d55e34c,BV1nM6WBiEQs,【王橹杰FOCUS |4K直拍】希区考克,Morpheus秩序外_王橹杰,3632310920415710,2026-02-01 09:06:59,966316,38832,32840,28587,5899,3333,13238,36,0,False
2026-03-02 22:21:52,https://www.bilibili.com/video/BV1nM6WBiEQs/?spm_id_from=333.1387.favlist.content.click&vd_source=406d0cf895bedbdc58a3d0130d55e34c,BV1nM6WBiEQs,【王橹杰FOCUS |4K直拍】希区考克,Morpheus秩序外_王橹杰,3632310920415710,2026-02-01 09:06:59,966345,38833,32840,28588,5899,3333,13238,23,29,False
2026-03-02 23:22:05,https://www.bilibili.com/video/BV1nM6WBiEQs/?spm_id_from=333.1387.favlist.content.click&vd_source=406d0cf895bedbdc58a3d0130d55e34c,BV1nM6WBiEQs,【王橹杰FOCUS |4K直拍】希区考克,Morpheus秩序外_王橹杰,3632310920415710,2026-02-01 09:06:59,966536,38838,32840,28594,5901,3334,13240,30,191,False
2026-03-02 22:10:39,https://www.bilibili.com/video/BV1oi61BdEvP/?spm_id_from=333.1387.favlist.content.click&vd_source=406d0cf895bedbdc58a3d0130d55e34c,BV1oi61BdEvP,【TF家族王橹杰】当舞台变成希区考克的片场丨王橹杰4K直拍双机位,Capricorn王橹杰,3537114847251044,2026-01-31 20:09:30,994954,27469,23897,23912,4483,2980,10175,16,0,False
2026-03-02 22:21:52,https://www.bilibili.com/video/BV1oi61BdEvP/?spm_id_from=333.1387.favlist.content.click&vd_source=406d0cf895bedbdc58a3d0130d55e34c,BV1oi61BdEvP,【TF家族王橹杰】当舞台变成希区考克的片场丨王橹杰4K直拍双机位,Capricorn王橹杰,3537114847251044,2026-01-31 20:09:30,994970,27470,23897,23912,4483,2980,10175,14,16,False
2026-03-02 23:22:05,https://www.bilibili.com/video/BV1oi61BdEvP/?spm_id_from=333.1387.favlist.content.click&vd_source=406d0cf895bedbdc58a3d0130d55e34c,BV1oi61BdEvP,【TF家族王橹杰】当舞台变成希区考克的片场丨王橹杰4K直拍双机位,Capricorn王橹杰,3537114847251044,2026-01-31 20:09:30,995036,27473,23897,23914,4483,2980,10175,24,66,False
2026-03-02 22:10:39,https://www.bilibili.com/video/BV1chwTeXEqS/?spm_id_from=333.337.search-card.all.click&vd_source=406d0cf895bedbdc58a3d0130d55e34c,BV1chwTeXEqS,元气樱花少年！【王橹杰】《Para Para Sakura》4K直拍 | 250118 TF家族新年音乐会,麦辣脆猪猪,325217719,2025-01-19 00:21:05,2350559,119253,58155,74153,9676,6602,16853,5,0,False
2026-03-02 22:21:52,https://www.bilibili.com/video/BV1chwTeXEqS/?spm_id_from=333.337.search-card.all.click&vd_source=406d0cf895bedbdc58a3d0130d55e34c,BV1chwTeXEqS,元气樱花少年！【王橹杰】《Para Para Sakura》4K直拍 | 250118 TF家族新年音乐会,麦辣脆猪猪,325217719,2025-01-19 00:21:05,2350604,119254,58155,74153,9676,6602,16853,1,45,False
2026-03-02 23:22:05,https://www.bilibili.com/video/BV1chwTeXEqS/?spm_id_from=333.337.search-card.all.click&vd_source=406d0cf895bedbdc58a3d0130d55e34c,BV1chwTeXEqS,元气樱花少年！【王橹杰】《Para Para Sakura》4K直拍 | 250118 TF家族新年音乐会,麦辣脆猪猪,325217719,2025-01-19 00:21:05,2350827,119259,58159,74154,9677,6602,16853,6,223,False
2026-03-02 00:36:21,https://www.bilibili.com/video/BV14NPgzeELi/?spm_id_from=333.1387.favlist.content.click&vd_source=406d0cf895bedbdc58a3d0130d55e34c,,自测 包 0301,一个热年糕,473313939,2026-03-01 21:38:18,2,0,0,1,0,0,0,1,0,False
2026-03-02 00:36:21,https://www.bilibili.com/video/BV14WPTzRENp/?spm_id_from=333.1387.favlist.content.click&vd_source=406d0cf895bedbdc58a3d0130d55e34c,,自测 森林 0301,我要在森林里盖房子,3690983430556566,2026-03-01 21:25:14,2,0,0,1,0,0,0,1,0,False
2026-03-02 01:36:27,https://www.bilibili.com/video/BV14NPgzeELi/?spm_id_from=333.1387.favlist.content.click&vd_source=406d0cf895bedbdc58a3d0130d55e34c,,自测 包 0301,一个热年糕,473313939,2026-03-01 21:38:18,2,0,0,1,0,0,0,1,0,False
2026-03-02 01:36:27,https://www.bilibili.com/video/BV14WPTzRENp/?spm_id_from=333.1387.favlist.content.click&vd_source=406d0cf895bedbdc58a3d0130d55e34c,,自测 森林 0301,我要在森林里盖房子,3690983430556566,2026-03-01 21:25:14,2,0,0,1,0,0,0,1,0,False
2026-03-02 02:36:34,https://www.bilibili.com/video/BV14NPgzeELi/?spm_id_from=333.1387.favlist.content.click&vd_source=406d0cf895bedbdc58a3d0130d55e34c,,自测 包 0301,一个热年糕,473313939,2026-03-01 21:38:18,12,0,0,1,0,0,0,1,0,False
2026-03-02 02:36:34,https://www.bilibili.com/video/BV14WPTzRENp/?spm_id_from=333.1387.favlist.content.click&vd_source=406d0cf895bedbdc58a3d0130d55e34c,,自测 森林 0301,我要在森林里盖房子,3690983430556566,2026-03-01 21:25:14,2,0,0,1,0,0,0,1,0,False
2026-03-02 03:36:40,https://www.bilibili.com/video/BV14NPgzeELi/?spm_id_from=333.1387.favlist.content.click&vd_source=406d0cf895bedbdc58a3d0130d55e34c,,自测 包 0301,一个热年糕,473313939,2026-03-01 21:38:18,30,0,0,1,0,0,0,1,0,False
2026-03-02 03:36:40,https://www.bilibili.com/video/BV14WPTzRENp/?spm_id_from=333.1387.favlist.content.click&vd_source=406d0cf895bedbdc58a3d0130d55e34c,,自测 森林 0301,我要在森林里盖房子,3690983430556566,2026-03-01 21:25:14,2,0,0,1,0,0,0,1,0,False
2026-03-02 04:36:46,https://www.bilibili.com/video/BV14NPgzeELi/?spm_id_from=333.1387.favlist.content.click&vd_source=406d0cf895bedbdc58a3d0130d55e34c,,自测 包 0301,一个热年糕,473313939,2026-03-01 21:38:18,47,0,0,1,0,0,0,1,0,False
2026-03-02 04:36:46,https://www.bilibili.com/video/BV14WPTzRENp/?spm_id_from=333.1387.favlist.content.click&vd_source=406d0cf895bedbdc58a3d0130d55e34c,,自测 森林 0301,我要在森林里盖房子,3690983430556566,2026-03-01 21:25:14,2,0,0,1,0,0,0,1,0,False
2026-03-02 05:36:53,https://www.bilibili.com/video/BV14NPgzeELi/?spm_id_from=333.1387.favlist.content.click&vd_source=406d0cf895bedbdc58a3d0130d55e34c,,自测 包 0301,一个热年糕,473313939,2026-03-01 21:38:18,65,0,0,1,0,0,0,1,0,False
2026-03-02 05:36:53,https://www.bilibili.com/video/BV14WPTzRENp/?spm_id_from=333.1387.favlist.content.click&vd_source=406d0cf895bedbdc58a3d0130d55e34c,,自测 森林 0301,我要在森林里盖房子,3690983430556566,2026-03-01 21:25:14,2,0,0,1,0,0,0,1,0,False
2026-03-02 06:36:59,https://www.bilibili.com/video/BV14NPgzeELi/?spm_id_from=333.1387.favlist.content.click&vd_source=406d0cf895bedbdc58a3d0130d55e34c,,自测 包 0301,一个热年糕,473313939,2026-03-01 21:38:18,82,0,0,1,0,0,0,1,0,False
2026-03-02 06:36:59,https://www.bilibili.com/video/BV14WPTzRENp/?spm_id_from=333.1387.favlist.content.click&vd_source=406d0cf895bedbdc58a3d0130d55e34c,,自测 森林 0301,我要在森林里盖房子,3690983430556566,2026-03-01 21:25:14,2,0,0,1,0,0,0,1,0,False
2026-03-02 07:37:05,https://www.bilibili.com/video/BV14NPgzeELi/?spm_id_from=333.1387.favlist.content.click&vd_source=406d0cf895bedbdc58a3d0130d55e34c,,自测 包 0301,一个热年糕,473313939,2026-03-01 21:38:18,100,0,0,1,0,0,0,1,0,False
2026-03-02 07:37:05,https://www.bilibili.com/video/BV14WPTzRENp/?spm_id_from=333.1387.favlist.content.click&vd_source=406d0cf895bedbdc58a3d0130d55e34c,,自测 森林 0301,我要在森林里盖房子,3690983430556566,2026-03-01 21:25:14,2,0,0,1,0,0,0,1,0,False
2026-03-02 08:37:12,https://www.bilibili.com/video/BV14NPgzeELi/?spm_id_from=333.1387.favlist.content.click&vd_source=406d0cf895bedbdc58a3d0130d55e34c,,自测 包 0301,一个热年糕,473313939,2026-03-01 21:38:18,118,0,0,1,0,0,0,1,0,False
2026-03-02 08:37:12,https://www.bilibili.com/video/BV14WPTzRENp/?spm_id_from=333.1387.favlist.content.click&vd_source=406d0cf895bedbdc58a3d0130d55e34c,,自测 森林 0301,我要在森林里盖房子,3690983430556566,2026-03-01 21:25:14,3,0,0,1,0,0,0,1,0,False
2026-03-02 09:37:18,https://www.bilibili.com/video/BV14NPgzeELi/?spm_id_from=333.1387.favlist.content.click&vd_source=406d0cf895bedbdc58a3d0130d55e34c,,自测 包 0301,一个热年糕,473313939,2026-03-01 21:38:18,136,0,0,1,0,0,0,1,0,False
2026-03-02 09:37:18,https://www.bilibili.com/video/BV14WPTzRENp/?spm_id_from=333.1387.favlist.content.click&vd_source=406d0cf895bedbdc58a3d0130d55e34c,,自测 森林 0301,我要在森林里盖房子,3690983430556566,2026-03-01 21:25:14,5,0,0,1,0,0,0,1,0,False
2026-03-02 10:37:25,https://www.bilibili.com/video/BV14NPgzeELi/?spm_id_from=333.1387.favlist.content.click&vd_source=406d0cf895bedbdc58a3d0130d55e34c,,自测 包 0301,一个热年糕,473313939,2026-03-01 21:38:18,153,0,0,1,0,0,0,1,0,False
2026-03-02 10:37:25,https://www.bilibili.com/video/BV14WPTzRENp/?spm_id_from=333.1387.favlist.content.click&vd_source=406d0cf895bedbdc58a3d0130d55e34c,,自测 森林 0301,我要在森林里盖房子,3690983430556566,2026-03-01 21:25:14,14,0,0,1,0,0,0,1,0,False
2026-03-02 11:37:31,https://www.bilibili.com/video/BV14NPgzeELi/?spm_id_from=333.1387.favlist.content.click&vd_source=406d0cf895bedbdc58a3d0130d55e34c,,自测 包 0301,一个热年糕,473313939,2026-03-01 21:38:18,170,0,0,1,0,0,0,1,0,False
2026-03-02 11:37:31,https://www.bilibili.com/video/BV14WPTzRENp/?spm_id_from=333.1387.favlist.content.click&vd_source=406d0cf895bedbdc58a3d0130d55e34c,,自测 森林 0301,我要在森林里盖房子,3690983430556566,2026-03-01 21:25:14,23,0,0,1,0,0,0,1,0,False
2026-03-02 12:37:37,https://www.bilibili.com/video/BV14NPgzeELi/?spm_id_from=333.1387.favlist.content.click&vd_source=406d0cf895bedbdc58a3d0130d55e34c,,自测 包 0301,一个热年糕,473313939,2026-03-01 21:38:18,188,0,0,1,0,0,0,1,0,False
2026-03-02 12:37:37,https://www.bilibili.com/video/BV14WPTzRENp/?spm_id_from=333.1387.favlist.content.click&vd_source=406d0cf895bedbdc58a3d0130d55e34c,,自测 森林 0301,我要在森林里盖房子,3690983430556566,2026-03-01 21:25:14,31,0,0,1,0,0,0,1,0,False
2026-03-02 13:37:44,https://www.bilibili.com/video/BV14NPgzeELi/?spm_id_from=333.1387.favlist.content.click&vd_source=406d0cf895bedbdc58a3d0130d55e34c,,自测 包 0301,一个热年糕,473313939,2026-03-01 21:38:18,207,0,0,1,0,0,0,1,0,False
2026-03-02 13:37:44,https://www.bilibili.com/video/BV14WPTzRENp/?spm_id_from=333.1387.favlist.content.click&vd_source=406d0cf895bedbdc58a3d0130d55e34c,,自测 森林 0301,我要在森林里盖房子,3690983430556566,2026-03-01 21:25:14,40,0,0,1,0,0,0,1,0,False
2026-03-02 14:37:50,https://www.bilibili.com/video/BV14NPgzeELi/?spm_id_from=333.1387.favlist.content.click&vd_source=406d0cf895bedbdc58a3d0130d55e34c,,自测 包 0301,一个热年糕,473313939,2026-03-01 21:38:18,220,0,0,1,0,0,0,1,0,False
2026-03-02 14:37:50,https://www.bilibili.com/video/BV14WPTzRENp/?spm_id_from=333.1387.favlist.content.click&vd_source=406d0cf895bedbdc58a3d0130d55e34c,,自测 森林 0301,我要在森林里盖房子,3690983430556566,2026-03-01 21:25:14,49,0,0,1,0,0,0,1,0,False
2026-03-02 15:37:56,https://www.bilibili.com/video/BV14NPgzeELi/?spm_id_from=333.1387.favlist.content.click&vd_source=406d0cf895bedbdc58a3d0130d55e34c,,自测 包 0301,一个热年糕,473313939,2026-03-01 21:38:18,224,0,0,1,0,0,0,1,0,False
2026-03-02 15:37:56,https://www.bilibili.com/video/BV14WPTzRENp/?spm_id_from=333.1387.favlist.content.click&vd_source=406d0cf895bedbdc58a3d0130d55e34c,,自测 森林 0301,我要在森林里盖房子,3690983430556566,2026-03-01 21:25:14,58,0,0,1,0,0,0,1,0,False
2026-03-02 16:38:03,https://www.bilibili.com/video/BV14NPgzeELi/?spm_id_from=333.1387.favlist.content.click&vd_source=406d0cf895bedbdc58a3d0130d55e34c,,自测 包 0301,一个热年糕,473313939,2026-03-01 21:38:18,224,0,0,1,0,0,0,1,0,False
2026-03-02 16:38:03,https://www.bilibili.com/video/BV14WPTzRENp/?spm_id_from=333.1387.favlist.content.click&vd_source=406d0cf895bedbdc58a3d0130d55e34c,,自测 森林 0301,我要在森林里盖房子,3690983430556566,2026-03-01 21:25:14,67,0,0,1,0,0,0,1,0,False
2026-03-02 17:38:09,https://www.bilibili.com/video/BV14NPgzeELi/?spm_id_from=333.1387.favlist.content.click&vd_source=406d0cf895bedbdc58a3d0130d55e34c,,自测 包 0301,一个热年糕,473313939,2026-03-01 21:38:18,225,0,0,1,0,0,0,1,0,False
2026-03-02 17:38:09,https://www.bilibili.com/video/BV14WPTzRENp/?spm_id_from=333.1387.favlist.content.click&vd_source=406d0cf895bedbdc58a3d0130d55e34c,,自测 森林 0301,我要在森林里盖房子,3690983430556566,2026-03-01 21:25:14,75,0,0,1,0,0,0,1,0,False
2026-03-02 18:38:16,https://www.bilibili.com/video/BV14NPgzeELi/?spm_id_from=333.1387.favlist.content.click&vd_source=406d0cf895bedbdc58a3d0130d55e34c,,自测 包 0301,一个热年糕,473313939,2026-03-01 21:38:18,225,0,0,1,0,0,0,1,0,False
2026-03-02 18:38:16,https://www.bilibili.com/video/BV14WPTzRENp/?spm_id_from=333.1387.favlist.content.click&vd_source=406d0cf895bedbdc58a3d0130d55e34c,,自测 森林 0301,我要在森林里盖房子,3690983430556566,2026-03-01 21:25:14,84,0,0,1,0,0,0,1,0,False
2026-03-02 19:38:22,https://www.bilibili.com/video/BV14NPgzeELi/?spm_id_from=333.1387.favlist.content.click&vd_source=406d0cf895bedbdc58a3d0130d55e34c,,自测 包 0301,一个热年糕,473313939,2026-03-01 21:38:18,235,0,0,1,0,0,0,1,0,False
2026-03-02 19:38:22,https://www.bilibili.com/video/BV14WPTzRENp/?spm_id_from=333.1387.favlist.content.click&vd_source=406d0cf895bedbdc58a3d0130d55e34c,,自测 森林 0301,我要在森林里盖房子,3690983430556566,2026-03-01 21:25:14,93,0,0,1,0,0,0,1,0,False
2026-03-02 20:38:29,https://www.bilibili.com/video/BV14NPgzeELi/?spm_id_from=333.1387.favlist.content.click&vd_source=406d0cf895bedbdc58a3d0130d55e34c,,自测 包 0301,一个热年糕,473313939,2026-03-01 21:38:18,243,0,0,1,0,0,0,1,0,False
2026-03-02 20:38:29,https://www.bilibili.com/video/BV14WPTzRENp/?spm_id_from=333.1387.favlist.content.click&vd_source=406d0cf895bedbdc58a3d0130d55e34c,,自测 森林 0301,我要在森林里盖房子,3690983430556566,2026-03-01 21:25:14,102,0,0,1,0,0,0,1,0,False
2026-03-02 21:38:35,https://www.bilibili.com/video/BV14NPgzeELi/?spm_id_from=333.1387.favlist.content.click&vd_source=406d0cf895bedbdc58a3d0130d55e34c,,自测 包 0301,一个热年糕,473313939,2026-03-01 21:38:18,247,0,0,1,0,0,0,1,0,False
2026-03-02 21:38:35,https://www.bilibili.com/video/BV14WPTzRENp/?spm_id_from=333.1387.favlist.content.click&vd_source=406d0cf895bedbdc58a3d0130d55e34c,,自测 森林 0301,我要在森林里盖房子,3690983430556566,2026-03-01 21:25:14,106,0,0,1,0,0,0,1,0,False
